,R0_7,R8_15,R16_23,R24_31,R32_39,R40_47,R48_55,R56_63,R64_71,R72_79,R80_87,R88_95,R96_103,R104_111,R112_119,R120_127,R128_135,R136_143,R144_151,R152_159,R160_167,R168_175,R176_183,R184_191,R192_199,R200_207,R208_215,R216_223,R224_231,R232_239,R240_247,R248_255,G0_7,G8_15,G16_23,G24_31,G32_39,G40_47,G48_55,G56_63,G64_71,G72_79,G80_87,G88_95,G96_103,G104_111,G112_119,G120_127,G128_135,G136_143,G144_151,G152_159,G160_167,G168_175,G176_183,G184_191,G192_199,G200_207,G208_215,G216_223,G224_231,G232_239,G240_247,G248_255,B0_7,B8_15,B16_23,B24_31,B32_39,B40_47,B48_55,B56_63,B64_71,B72_79,B80_87,B88_95,B96_103,B104_111,B112_119,B120_127,B128_135,B136_143,B144_151,B152_159,B160_167,B168_175,B176_183,B184_191,B192_199,B200_207,B208_215,B216_223,B224_231,B232_239,B240_247,B248_255,Exposure,Contrast,Highlights,Shadows,Temperature
800_4394,0.015727868149959075,0.003870983156502558,0.0030141259092667755,0.0036807784092122743,0.004584539981973765,0.010312400424649305,0.06732631471393095,0.2552631662974144,0.08561630411971921,0.03869716959921465,0.040747279494067486,0.06500281646161256,0.07737743822667296,0.07770265806592548,0.08564663778564019,0.02707018186326442,0.0016461381334588812,0.0010695232208341528,0.0013951834762887625,0.002265143105537595,0.003630405806094876,0.008218386539647697,0.012033767150632693,0.01325779388037283,0.01936168718162037,0.02350842593267489,0.01723422919127033,0.006983679717006165,0.003866028474228715,0.0023314257439565537,0.004003438329289946,0.017554081458059496,0.00018643368355963756,0.004755999514661345,0.007435684370443756,0.012736093362949856,0.040479974385393684,0.2371216522037656,0.08051185281114359,0.01807209348978972,0.0220714029171848,0.09687576453500088,0.11492569958462145,0.05408974338929776,0.04049252624715408,0.02775219387825883,0.02007081231905776,0.020120083881669856,0.050861327471687284,0.07962512984020159,0.017894770916411427,0.002617613697296219,0.0031989906101063626,0.004045112712415487,0.005152842038783492,0.004252961633803177,0.004084750170606226,0.004401106633791065,0.0031233766534050013,0.0030000050647863248,0.007992260345872056,0.006029683171190439,0.0016549739835139002,0.004367084482177347,0.0025394673474326713,0.01080277633969654,0.1300944318399774,0.17865309825090908,0.03588524977874591,0.02649742059240824,0.04899938539918994,0.07111166444513392,0.02408093946941739,0.016309713004983968,0.01723802778101361,0.012419516691663956,0.0321857812069562,0.06968600967286105,0.03995678746328856,0.032301528090075686,0.027034370520829597,0.02032531783185746,0.020771074080427485,0.03944499631041327,0.06742232544599297,0.0406064288874272,0.005762020224352417,0.004306362098310145,0.003673373911814143,0.006114353186047879,0.006755654228358885,0.004089980113006393,0.0006556145688798829,0.0003629855285842226,0.0003044927517402496,0.003608852938203661,0.35,40,-27,17,4996
800_4473,6.564954012841215e-05,0.0011142805173745293,0.006963172837594985,0.015817024904875604,0.01743588475981572,0.018570809786664595,0.02447381824772046,0.052643223899449455,0.0925028995901707,0.08631937353437746,0.06828188024246673,0.07264467066667342,0.05453855502526998,0.051103996799055036,0.03938141122123229,0.03408449803233051,0.03836016862655547,0.04415720193897637,0.03887529042695929,0.03624050049778041,0.029858759625020836,0.02713244570383904,0.023797311435252544,0.023728936819873515,0.0353301877340124,0.025461424054960415,0.011950500962419506,0.004010154676372266,0.002480699310462373,0.001928582549080532,0.0015089760125113435,0.019237710020723785,0.0001740745038876639,0.0034633779614411213,0.016789629035230874,0.022132593243266756,0.019169005093193168,0.03836217802547764,0.08463877283310274,0.0923950251466641,0.0695808052525798,0.05466495447527823,0.037035093904441575,0.02654702246717193,0.024165086490034814,0.024956294197142185,0.025845604613271636,0.031913493889995925,0.03157170339113869,0.026393317212632283,0.028663277370380564,0.03344217852755211,0.037029671279952985,0.035100070268405045,0.037693213340471016,0.029874311822158175,0.02725623018264721,0.02673733731851274,0.028003754107706863,0.03817968056172444,0.022601058452258557,0.004096668934076082,0.0020886187865256428,0.019435897311677483,0.0009767055062375046,0.011389410720919485,0.02595025851330024,0.024849273060027183,0.06015424696646825,0.07551092683607863,0.095461340375882,0.07065027342138869,0.041888370347746035,0.023594059357974474,0.014914089112493088,0.012168562034493836,0.01258315883676392,0.014347686350555004,0.014636984743322132,0.01626737799755525,0.02103587432195173,0.02440117710038341,0.027181827370501677,0.027293307721663124,0.02483080310555081,0.026506834488728537,0.027589157305436783,0.033183406482794366,0.03674488715325757,0.03558422530459735,0.03444396023129778,0.030617486637221906,0.03756238220242894,0.04662488144546359,0.025560242440310944,0.02549682250720576,-0.4,69,-27,17,5045
800_4817,0.000173716665723442,0.002046476461185349,0.00643745352232767,0.013734847205305958,0.029925234945528224,0.06270621112363606,0.11907265854377705,0.19137446519710052,0.20118035946329998,0.11686603574109605,0.04871484900660823,0.0283527564218738,0.0223700876802596,0.015042057545221385,0.009253694926779705,0.0060414092525718655,0.006183195743641656,0.007378788102332465,0.006684554537729245,0.0038429066236174507,0.0023219292695983557,0.0015755063850439945,0.0012048961509605806,0.00106154067717074,0.0008907692947989711,0.0006942335646032213,0.0006377226606687853,0.0007937125742569243,0.001183095548955674,0.0020275660905068513,0.002736994014083189,0.08749027505973696,1.2744543848828019e-05,0.0016017937271079914,0.019609503873350392,0.10674651008696237,0.23232320757762498,0.21752332389154397,0.12115736863650887,0.0677230746600152,0.04234703629624068,0.02711050747177097,0.013561268169645679,0.010751467852149638,0.006500240357142306,0.005015624865810689,0.0042370240724889825,0.004279716918081926,0.0056788090881644965,0.006245459584216276,0.004684982402069604,0.002998353504028377,0.002027153200317364,0.0012028317000131465,0.0010607424228043986,0.0007851244583155974,0.0006308136314980382,0.000538408807090877,0.0004732272091772167,0.00037413356370036814,0.00033300970082747596,0.00030628194256135936,0.00026590128202954363,0.09189435450289232,0.010721739758506585,0.07633973507644194,0.1987963039831902,0.24406195092486305,0.15806130109075678,0.07108914816680059,0.034803037066088185,0.02467638217468272,0.01597095036751631,0.010725731030338291,0.01026054141684975,0.008047917943414886,0.00732822281712664,0.006944950617232297,0.00615401817025125,0.004863075703801607,0.003606898591306757,0.0036288368233748257,0.003049827147651073,0.002257738608139464,0.0018863025936770765,0.0012960898308119141,0.0010446397054144107,0.0006947015068179733,0.0004829714176491068,0.00042070757707448687,0.00038219868540167833,0.000307823399268777,0.00023713659882862505,0.00020457332588442732,0.00017258809920551118,0.09148195978163284,0.0,78,-41,21,4350
800_4821,0.001139026402731109,0.0013774016721281946,0.0024103978741990754,0.004370442655718507,0.007126787456682314,0.01013813323867321,0.01292530717378537,0.015083704402334294,0.016820705903492918,0.018894240435095973,0.02140048388528127,0.02413425735588646,0.026991705201249286,0.029345482067463395,0.030894288220253908,0.031236353979237463,0.03144478094689043,0.032080053792434934,0.034243598385346116,0.0378172730794055,0.04337483008192402,0.050724137824727115,0.060555493652611585,0.07255534875568109,0.0833509683320932,0.08544352333842528,0.07436014682595346,0.05446525325362975,0.03558276642592783,0.02166021934048114,0.0119769534605593,0.016075934579696506,3.226048680524069e-05,0.00019312250462932482,0.0008368458360519858,0.00253822867686421,0.005010890391637907,0.007319249337008459,0.009355623751557695,0.011162678954865928,0.013604208749352312,0.018238433184127663,0.02621547164501397,0.04084282228391475,0.06755098202903707,0.10355352014760988,0.1302636892916544,0.1293257404112034,0.10500422359137833,0.07421808507475734,0.05103955840348246,0.03949055186131999,0.03675793448324536,0.033328936511582176,0.026680165790275125,0.021575219013472112,0.016761112086143646,0.011495083083415491,0.006672993612423612,0.003342456187946733,0.0015905906399665813,0.0008100905517732368,0.000490375915047238,0.004698855512436362,0.02640886940976962,0.018521951114241986,0.019136414294236338,0.0215451881336901,0.025241436162001814,0.03239960327308513,0.04559334412206223,0.06797325858883163,0.10005972594220992,0.13083614777637162,0.13789681775071078,0.11362008575343872,0.07619825137151111,0.045825250778490687,0.030086675009617588,0.025122276053315903,0.024968543272763627,0.022098103149438282,0.015214370384300572,0.008511758782284435,0.0042953792192697935,0.0019561360877256226,0.0008917051792284744,0.0004907888052367248,0.0003491674702427288,0.00029370255478832613,0.0002653507617768944,0.00024594492287101155,0.00022934673725363944,0.00020886738385509078,0.0001948841694378021,0.003320655585941827,0.0,53,0,0,4050
800_4822,0.023275913703968525,0.02088646312538275,0.023354885834211046,0.029700842890548425,0.03833211961968299,0.04384288240072634,0.04691660212734238,0.05269384423668055,0.05376793677561169,0.04543005981512649,0.0302299203793569,0.01944060425983763,0.01663058373424053,0.018675793998844788,0.023795687400507227,0.028441280078499782,0.025985601913520315,0.018975552276412254,0.014597044498992438,0.011529875963382915,0.007114620959098769,0.005676166590951781,0.007419444022990607,0.010750339285631709,0.015676945026589027,0.022015965527743032,0.03117062186107115,0.04683267531482602,0.0703951072842858,0.08590741922932009,0.06903149614448646,0.0415057037201296,0.02908384731739188,0.05210013567021106,0.06110560101507126,0.05869264322169738,0.06309988815630548,0.07274951724879045,0.06255201040086902,0.04055660680456245,0.04190796886874034,0.04041539835975794,0.025837677121633484,0.01919344819241079,0.010181761968695656,0.006148568019750025,0.0046901572924445065,0.004212223135107139,0.002981452532272048,0.002480864466538168,0.002884148077616309,0.004481757850804167,0.006770903639357265,0.012363033313742151,0.022388502582710714,0.036744721997181776,0.06222423064244172,0.10534923463371357,0.10815289665039256,0.03682432722571485,0.0026747026474959372,4.459214046458184e-05,1.9268208842720548e-05,0.0010879105972726349,0.18832730807267484,0.14351105081323953,0.1042802068811068,0.061062330123213035,0.02864794538134428,0.015796545551477057,0.014864019295514647,0.014336730997527284,0.009184714739122768,0.005625105837518572,0.0037455471169364467,0.0027830725592299234,0.002438859771261037,0.0020949222434184754,0.001634274422014292,0.001330304664514059,0.001647321752002077,0.004137297328721589,0.0117211817511785,0.02598141795960018,0.04835764394067682,0.07458250195599846,0.09535151158547853,0.0929734843021352,0.04020765954242078,0.004781846440523222,0.00014682375138153056,1.3542798215169301e-05,1.2634439798298187e-05,1.2386705684606067e-05,1.326753808884472e-05,0.0003965397379831889,0.45,34,0,0,4900
800_5353,0.00015265926605961168,0.0012518280024989214,0.0030571215409986746,0.004934698388671261,0.005333990727917697,0.009365423012054851,0.023186674371014092,0.03699281394903812,0.04786949763265281,0.06829869863618518,0.08444143884854065,0.08956573641222428,0.08889181704494381,0.08892859179782077,0.07883064653759095,0.0564475390533562,0.03918859150274192,0.031652354608151786,0.024081324833594243,0.018068872946311727,0.015584567728194497,0.015195983007862091,0.015082052841576347,0.014322857887160525,0.013687254729464438,0.013548138261619996,0.01270724610171104,0.012093994066272509,0.012070652007560185,0.01109562558809326,0.010545710907722015,0.05352559776039553,7.938502043200865e-05,0.0005850653985028933,0.002522814109790034,0.006958906305636953,0.01403265113597652,0.033128216827466285,0.03230573957000845,0.04038195425440951,0.058110302898445085,0.07052150673429404,0.07986256922516917,0.076051620302218,0.06961416677989034,0.057607127387523764,0.05420873834190787,0.058825841596825836,0.059742210083372986,0.0483373572693667,0.039750149686456696,0.03420905323949239,0.026888537705902837,0.022049079320939875,0.021125526545095648,0.01667379957407349,0.010287847221381149,0.008036962590387168,0.007235487680567891,0.006547722728933296,0.005905072912003301,0.00492536707038886,0.0034509086777186177,0.030038311805422362,0.0010862590365146873,0.009072904075809721,0.03467138014766715,0.05562613531039103,0.07210185769756135,0.10481622092509864,0.1190926424289482,0.10760856975058568,0.08357984712713208,0.06535757171241967,0.05277331183515045,0.038840002078764466,0.03408598443701267,0.033055988570318724,0.03361438126258076,0.029225551230423776,0.0197036428365534,0.013637680380713382,0.011031242244545941,0.008774219312734921,0.007573397011643942,0.0062816838168405905,0.0056713495387411,0.0053772065677506545,0.0053104284611043134,0.0051044237825629965,0.0036101466607973867,0.002607043708445355,0.002160461679496358,0.0019297111155984628,0.001565569494483677,0.025053185761608438,-0.65,43,-45,15,5200
800_5478,0.06891654751573331,0.09546458844537263,0.09284361657453527,0.08764541166693349,0.06284645615799843,0.035960973839497805,0.028944868479610607,0.027534408066310825,0.027550455731675548,0.02832715723012561,0.030119073126485988,0.03260792013668757,0.03565780233636391,0.03916205642656423,0.040847391602011736,0.03993972133545643,0.03689859240779722,0.033496377246425416,0.0305453960101375,0.025697349509233216,0.019723351461598242,0.01575547674062943,0.01346776230473322,0.010713729688830541,0.007725505757450906,0.006227154785815692,0.0051585123973857784,0.00339874688378011,0.0018132210301379011,0.0013132660626945676,0.001163854866125586,0.012533254175861272,0.03526500613609874,0.07771977924578287,0.07851701514965673,0.0876439803142766,0.09270884921668676,0.07084378129019486,0.03534199639343172,0.030813031430962888,0.03168527571926021,0.032728869436194595,0.03415546009289699,0.03697225201760168,0.039723174194076886,0.04189560968906837,0.04102611800203428,0.03983757230257738,0.03537054086853158,0.030258244646355695,0.025313306580985163,0.019089262234596942,0.015118194496162762,0.013240287336338587,0.0117556993710196,0.009349017508525908,0.007442345665500813,0.005529920885835532,0.003602549481310828,0.0025544690243173604,0.0013840079151599845,0.0009069821162394887,0.0008199448642956567,0.01138745637402258,0.017362555462162855,0.049825248356201585,0.06610393954494878,0.08062837042261678,0.07974393211072328,0.07623598953483021,0.07798166172996805,0.07599976129441845,0.054060730971983134,0.03747487700827035,0.03405276053976529,0.03588992920089343,0.037691314045599375,0.0382815818604898,0.03612004666650077,0.034898001809670176,0.03240100709972939,0.026524230928712245,0.01973422423658806,0.01598507121199676,0.013926428253227863,0.012552081968501874,0.010333485350325765,0.008578426784880248,0.00665796440952629,0.004023477266486375,0.002446181690621271,0.001464411398059394,0.0007957494991917263,0.0006133346134764275,0.0005799730861658885,0.01103325164346811,-0.2,53,-58,0,5757
800_5570,0.009918805970017786,0.02332257029538054,0.03859336900557765,0.0704649958303596,0.10191104297383112,0.111086013504482,0.10014169840782937,0.09268198382835748,0.08582021682130046,0.06347360882981637,0.0439402969594326,0.0348942857979648,0.029899663279792668,0.02678440680011424,0.023563588061990343,0.02119871821268535,0.019805406505255595,0.018020895106293348,0.01513135193020108,0.011693022640255494,0.008646718822221375,0.006638008050367759,0.005564245823588207,0.004733648392403789,0.004096228517873961,0.003546699201679572,0.003103420294246469,0.0028448684575897915,0.0026147785179950755,0.0022188994043150657,0.0019161683173832933,0.01173037543939774,0.0146841918549868,0.06653755682194787,0.08976161151811685,0.101143782897714,0.11327199179768865,0.11270812142891275,0.11082622299725686,0.10792935790180436,0.07410222808758732,0.04790175811945805,0.033742982793599614,0.02888012729789906,0.022860656277395263,0.01684176330315675,0.012996131604288684,0.009174777848562448,0.005825880573659721,0.0041486105199135285,0.0034596619497357394,0.003067003379533727,0.002640845651958013,0.002290109198995234,0.0020854257690602774,0.0018934318309488836,0.0016411834511850386,0.0014211405062011704,0.0011920690290738553,0.0010972419155550381,0.000944692753545956,0.0007700126773803781,0.0007098958657910899,0.003449532377086995,0.10429608939039572,0.1498106815903165,0.13732204708093246,0.13661633516906144,0.12949397940041302,0.11136922864845736,0.07222121048833569,0.045337187048504576,0.03464847850515694,0.02569140389050461,0.014842934369838185,0.0076397622281008,0.004853056235203392,0.004039690087926893,0.0035722433414024923,0.0031141829651857604,0.00275750089349437,0.0023264435356700787,0.0018947530795552405,0.0015986007096426265,0.0013210283982569206,0.0010670458796972317,0.0008174124711334706,0.0006818193329059827,0.000572073120540373,0.0004208452071376492,0.00024332995167092807,0.00018145147527316266,0.0001561000176386689,0.00013666665272015358,0.00010960858230244746,0.0008468102526249358,-0.3,60,-22,17,4673
800_5571,0.021934213270224632,0.04962268442923932,0.0850863457985065,0.11325187028245433,0.10896050986102887,0.08519251362922989,0.0719189748696313,0.06711995219722543,0.06180795475340106,0.051870513672831096,0.043378683723692565,0.03796773026445451,0.03223896146336211,0.02679794959832941,0.023224164800219504,0.02002231148479936,0.016467437057367956,0.012926738526442258,0.009962021809850743,0.00783885787747137,0.006488349119685085,0.0057109319449065755,0.004922366735011921,0.004287589357694809,0.003932228534609778,0.0034873255924313595,0.003070031240923297,0.0028527408972026744,0.002355180692858365,0.0019005610682206898,0.0017400018365355627,0.011662303610157672,0.01692354308668778,0.07893252031034369,0.12062972250035728,0.12227866828710468,0.11556463338984607,0.1012083313973371,0.08824724040712954,0.07462117600374706,0.05578969487745309,0.04408120261809816,0.03799021901677523,0.030818151269312526,0.024486149901379803,0.019662133609503654,0.013452402789684308,0.008996546916767283,0.006183526055793246,0.0051100390891400185,0.004537718234485954,0.00416597943388461,0.0036903849876210016,0.002971873479875952,0.0024647892751608123,0.002195116929400622,0.0021993559353460207,0.002141386152742064,0.0018452888348547145,0.0014159931418389006,0.001101095557323582,0.0008742536872194961,0.000631997250041234,0.0047888655737445,0.11147724072202712,0.19011605847758248,0.14183072537209113,0.12326440232548565,0.10616271088504058,0.08363308243556325,0.060882998150912575,0.04936586673137849,0.03951251761940069,0.025787249466490823,0.014363706489907091,0.008967534499452673,0.007323598447004387,0.006427241371641028,0.005180395577428582,0.004329676631009837,0.0038027186451740627,0.003283605572938539,0.002713184013156113,0.0021915935997836675,0.0017156137893432053,0.0013943852219224214,0.0011824624506651276,0.0009429310887374787,0.0007345591731097721,0.0006118757348069073,0.0005148740662901255,0.0004143490681563892,0.00032450416292404647,0.00021112451689095227,0.00014690632941942794,0.0011903073642653779,-0.3,60,-22,17,4673
800_5573,0.010663522241788936,0.02146153658130006,0.04536947506132245,0.08059478868720517,0.0983292756320578,0.093492652426396,0.08906470793028827,0.0832409743856139,0.06504124277524746,0.05198939852139069,0.04977892207694115,0.04482283597645447,0.03621313964122375,0.029101931907691406,0.027410651113515296,0.028562477112120493,0.027870335524477343,0.023047447799119124,0.015910310561687006,0.010500843507131107,0.008036962590387168,0.007464669261745735,0.006687472295068286,0.0059019624725758345,0.005489485173278452,0.005150172015558143,0.004772212336101863,0.003986647461584146,0.0033654679345074684,0.0026884656538121656,0.00210975876422737,0.011880254578181471,0.013857062701394071,0.056775153655707726,0.10100626293860224,0.09686029491590142,0.09880564080667513,0.12397391282709988,0.11250167633416933,0.07841379260228501,0.04853174597057711,0.04064133187144516,0.034906837659725194,0.030621450383040982,0.033850224138815665,0.032990944602468215,0.024046752161727875,0.012762270600963322,0.008492022631226961,0.006796310149017024,0.0059343330634316046,0.005741953761143356,0.00571803365616575,0.005097734961493311,0.003814417200542857,0.0030155022098983983,0.00275414271995321,0.0025942716385838945,0.0022980642166460148,0.001992360320349937,0.0015790021886483165,0.0011665799413761993,0.0007223926755262258,0.0017375244953986414,0.07184699434659741,0.1536159051026401,0.13182923126012544,0.13631660441750662,0.120803494218106,0.08464122264822703,0.060744624885409215,0.05307717148860016,0.04975293752101611,0.041595163261185085,0.02460269503886563,0.013686869365287584,0.011199013291540771,0.00964211449103632,0.00807571921617367,0.006562118833540072,0.005232034377127073,0.004448478901531525,0.00400148398239304,0.002849630457775207,0.001808293873876691,0.0013240012076212262,0.0008470579867386278,0.0004900180768830161,0.00029562937567259817,0.0002294568413041693,0.00015265926605961168,0.00010735144926658592,7.29439334760135e-05,5.7364210326042324e-05,3.05538740220283e-05,6.116280006932151e-05,0.45,24,-22,17,4673
CAR_6847,2.2075862131231258e-05,0.0002529365300796559,0.0011050868291552882,0.0036860083516124407,0.011656192835353263,0.03519016290775108,0.0651680551154452,0.062084949018521476,0.03965581804116526,0.026246410883212855,0.025441522747827152,0.02631811614612041,0.023382384320830868,0.022776977198992597,0.024174335230279318,0.024676519804745882,0.027233851534377015,0.03176221092456793,0.03640582172965096,0.04351361623761688,0.04913437296513952,0.057964442557505685,0.06736336472693424,0.062239507579452735,0.047433100228377816,0.03953580462608775,0.03899125751817984,0.03613458040117072,0.029475597529177024,0.023266499807648226,0.011818458679821606,0.005889961131068082,7.082443050331424e-05,0.0006394292734519978,0.0014023952915984664,0.006621437390763019,0.019178143729387143,0.053194762614566016,0.06661504254750825,0.049794446748065865,0.034464522162734226,0.029295549880548118,0.023845124119195118,0.02182873358981705,0.02227060867060589,0.02357947057127927,0.02518030088794513,0.027164733716656914,0.028052144837914725,0.04030276191606592,0.04400792837247055,0.0484660138524108,0.05147367114870895,0.052654564616654034,0.058019081692581125,0.04727689010668863,0.03540904976020439,0.041290753087482736,0.03869235254700397,0.032776021495833994,0.0242871918820724,0.015937946678369994,0.018926611025951744,0.017281491354960266,4.104128483499477e-05,0.0005905706010293848,0.002958193051597621,0.017278463493570696,0.04267167808922788,0.03420029996747526,0.03975733397575377,0.05076402301703156,0.05327687271024864,0.03645049644815344,0.02775067994756405,0.028305741992297562,0.032673899988967574,0.03921041963075946,0.03907124811088975,0.03979895330685404,0.03811232440881281,0.03880716354569395,0.039717751569588296,0.04238518734974926,0.044009277147089534,0.0450092696600141,0.035588189050416434,0.028107995117545984,0.032998734464043215,0.033987689045902165,0.027286095906353426,0.02582842838138898,0.023409277235172783,0.021265358689268533,0.01823917638646874,0.020448166426236127,0.65,29,-23,17,5750
CAR_6848,1.2937225937255226e-06,3.0388717946233552e-05,0.00029342729466200147,0.0013085315885217848,0.0028688711406052946,0.005660394185713383,0.013178161125827129,0.02570332265397446,0.030082436003672188,0.02511531197211989,0.021257100885478795,0.02169426901810749,0.021774342188855312,0.020089970423849947,0.021373756127015156,0.02295289594572663,0.02763162994292867,0.03534067514482536,0.047115505094624525,0.06370248762485524,0.08177513163489761,0.09514971838686996,0.07530695908247212,0.051477744998578566,0.0499544279334857,0.05086801629275698,0.05328323121916674,0.049430442757014234,0.04317873476793039,0.026905411151646533,0.010681304045949505,0.004814106927328464,1.6515607579474757e-07,3.082913414835288e-05,0.00025202817166278474,0.0014195164714558553,0.0029098023213897603,0.005017414056631798,0.010645355073451513,0.022783831176138074,0.03322794357123369,0.032984200729373275,0.024133761887659075,0.01898846197633688,0.017174662899933694,0.016423780801332874,0.01800399413453702,0.01967639208404727,0.022342479089589244,0.03046323086242961,0.03994360250323761,0.059438047643784325,0.07967486934502845,0.0921715689761138,0.08100820187093206,0.05403860005782665,0.04878845356438741,0.054782820861370415,0.05143794238431202,0.04308098989707253,0.03956344074277073,0.0397751708319396,0.02427293340752878,0.01554550831626904,1.6130243402620345e-05,0.0003112366248352017,0.001457557420913912,0.0023410873743905467,0.005414449262842371,0.010953013316644495,0.017553833723945804,0.03341798316244818,0.03557577481871919,0.02905186209071297,0.022012442198126075,0.017468915974974672,0.014598778637788282,0.016345056405204048,0.01901907090238417,0.022378923530314617,0.02619782747091657,0.03974637862272605,0.05590222121709458,0.07098931131898266,0.09789254791563123,0.07705786122001014,0.048550793971318784,0.04370863803711784,0.043098083550917286,0.029313028898569723,0.035146148813551784,0.040425252672280365,0.03843382823635993,0.04291795332425048,0.03289892514223792,0.029805083900387545,0.65,29,-23,17,5900
CAR_7663,0.015199065921276926,0.048915210852559884,0.057284632623521875,0.07070612370101992,0.07741302936100672,0.07403187159929876,0.08150848715052697,0.06677744602203975,0.04196926929887282,0.03509365670746169,0.03555983725740499,0.027290169756223025,0.021383582913524938,0.02004507549724641,0.020531157354322985,0.02177197495176892,0.02360410635258532,0.02575829210120148,0.0293421789459475,0.03136572623861001,0.03036138461568952,0.0268288062584904,0.0246203116869504,0.01949163748725821,0.016071502891662683,0.013222422954140122,0.010685377895819108,0.008270493281560942,0.005690122279356437,0.004189128810508507,0.0032808254456626602,0.01173709178648006,0.02781643959174299,0.08981933356660711,0.09836194900905254,0.09040783971668906,0.09660223854747213,0.07587413257276393,0.0477722207040097,0.04336412246301,0.03420767693886076,0.028328753738858292,0.027739697068523698,0.02666918291123477,0.026574410849741218,0.026562822398422958,0.027241283557787783,0.02393560212271801,0.02372717515506504,0.023565322200786186,0.025139369707160658,0.023513408140961367,0.02216545930234991,0.019887268866824525,0.01643613998100485,0.011901807446072688,0.008070516799786135,0.0061865263911701825,0.00483656815363655,0.0039140613662723535,0.003348539436738507,0.003091171218625025,0.002734874511110489,0.01020408556494058,0.01299150723416643,0.046435117114375424,0.04829700413484751,0.05791781349210631,0.08640288745670434,0.10606559911247326,0.08731584271768507,0.08663608783572653,0.06332562898590426,0.03761919589250233,0.030919969990039983,0.032433735528749376,0.02713371190042014,0.020737547397041152,0.01945918431836454,0.01939199332152871,0.019637773088323932,0.019711295068065224,0.02140499815135299,0.01997939843110536,0.018799826211766645,0.019658555227861432,0.01847441369042573,0.015829549240623374,0.011861812149717724,0.00920513904049605,0.007811441968889441,0.006565174220942275,0.005625463675682793,0.00487744428239575,0.004053067730066268,0.013421821389649645,0.85,52,-57,14,6003
CAR_7969,0.018416911850036518,0.13306071753928894,0.22521310088459795,0.03804430763159801,0.020177007675793782,0.014903821909781182,0.008659711100183895,0.009498318601044359,0.008052624891575036,0.008315057896012891,0.007997352658209061,0.009617864073907124,0.014383965635204582,0.02022336148106684,0.036043992293597296,0.07550087984146778,0.10139030586685027,0.08329853127802836,0.049855526970097284,0.029195300142540705,0.017542740740854924,0.014363513807818662,0.010278405799048216,0.0075678642831048205,0.005780958121043549,0.004014393682317664,0.003610394394911079,0.0027606388589344697,0.0025511934288140977,0.0031121460402509576,0.003648738130508093,0.012920352491511529,0.030187062377688163,0.2511569458369549,0.1468779501004039,0.02947521216500017,0.013406792186752323,0.013000728448398306,0.016521966088392855,0.02665175894523843,0.05893346830621874,0.1081527590203294,0.12104244753376835,0.04192423674220612,0.016022148751012686,0.009684559602515571,0.012135172981170663,0.0144850686796036,0.012630008110264362,0.01155467690076476,0.009253034302476528,0.008209963579782166,0.006628318893921134,0.005027461051242645,0.0034577626548641,0.002164150165189107,0.002123879608707821,0.002492452917856433,0.0028393907810759325,0.0033419331937067165,0.003008565654715019,0.0028398036712654192,0.0030109604178140425,0.01175936033069972,0.048046407315841616,0.15938040266812945,0.18402969924638185,0.1142272820660981,0.09186113060564496,0.07767020489703179,0.0920991480368778,0.07474454759236572,0.03167751338369786,0.021383803121626,0.016060464960597064,0.015780167573960745,0.01470334995977899,0.014323628615514231,0.010454104337681196,0.00909093361408398,0.0068813930540639525,0.003793882795119043,0.002735810395539993,0.002352125305456162,0.0017195224831370141,0.0014669988432468454,0.0017067228872629213,0.0019498876828580546,0.0011367692696952474,0.00015885261890191468,0.00010391069768752868,9.023026940919708e-05,7.53662225876698e-05,6.171332032197067e-05,5.141859159743141e-05,0.00018260756780372588,0.55,24,-22,17,4673
CAR_8070,1.0459884800334012e-06,3.972003622863679e-05,0.0010002952990635211,0.005639144103961126,0.021608938378946868,0.043688599099921406,0.06800147275177988,0.04324201707097241,0.06244377811919821,0.1130752909114171,0.13864186433463352,0.0987549929434314,0.05995936279703045,0.04099014150352366,0.027699013621852925,0.02101352319969417,0.017111050284740085,0.015564253530871744,0.01631934710940533,0.015291938687898838,0.016257028216805445,0.018548018248204918,0.01835949258768521,0.016875455142618876,0.017566330533680938,0.01627577343140815,0.01688602513146974,0.02004769046844649,0.01541806287778076,0.01238998128010933,0.008775540561341279,0.012514811747397523,1.7891908211097649e-06,0.0004601248271641666,0.002602501916361,0.010052830125525223,0.02506248955387821,0.05229510241768676,0.09968292235528417,0.06639703652745918,0.06934529268849647,0.09027645805839436,0.11535125173991925,0.13104471237408774,0.06361434933240613,0.03695325906888528,0.03383530503996887,0.026810171147938225,0.025487601292973887,0.02458785851805673,0.021702691977973025,0.024786183439073597,0.02297543975007261,0.018040796413426617,0.01466976822436739,0.005643630844020216,0.0036994410457770795,0.002884368285717369,0.0021684717491724033,0.0013479488386114644,0.0007380825027267267,0.0005141033379364167,0.00042593751947465387,0.006542079896343643,4.8693516346818075e-05,0.0018594372053477976,0.006592755285599997,0.027241971708103597,0.08096440798483383,0.12615378034550212,0.16033216960692193,0.17137376163221768,0.11258152929681607,0.06670103381097205,0.052361632790219416,0.037311124759119865,0.02777080146279837,0.02722735539539576,0.019831253431117475,0.01604579359586396,0.014908804118067656,0.015328851070838962,0.007917169383410711,0.005528599637229174,0.004521587991083334,0.003598585735491755,0.002756785217165926,0.0017859978036444,0.0012432949385828595,0.0007573507115694474,0.0005584202182746741,0.0004379663869950381,0.00034245112316040903,0.0002925464622577629,0.00026925945557070344,0.005354827919480468,-0.15,71,-31,17,5090
CAR_8103,0.006086744595377524,0.02783661615900258,0.08974226073123623,0.23408905634002244,0.1198864926332683,0.022288940995019112,0.01664544778106206,0.018132210301379008,0.018322112262530336,0.018502380119260302,0.01826656476903804,0.017613427541295076,0.01458385953894149,0.012868135645547757,0.012734166542065585,0.01278720916840833,0.015452608023634497,0.023056558909300463,0.029422086960619525,0.025705277000871364,0.024128256685132583,0.02407345239398136,0.018782154511656605,0.018366731929007552,0.02238027230493361,0.02462400017264315,0.025645105137256808,0.02549219813708351,0.022086184385968433,0.015399455293241219,0.010283388007334693,0.01471664502388047,0.0063660235195464425,0.03220158113820723,0.07580259246593216,0.24843233852855626,0.13179972337458346,0.033751598435553566,0.024274502390248837,0.019292569363900273,0.01653055420433418,0.016067429041793074,0.020342383959689587,0.02634979858666037,0.03578846831833018,0.03324066058906988,0.027655412417843108,0.018797156188541296,0.016163852664044576,0.013435446765902713,0.011717988733713134,0.013442328269060827,0.016316154091939962,0.021008898829571927,0.024099134163767442,0.024302523871108674,0.024005958611006573,0.02057151048884217,0.013942943860807341,0.010578246654653579,0.007458035492701313,0.004237739748817427,0.0022852646207719217,0.009741180610500536,0.012181196474292135,0.04570479694721105,0.06304703821205115,0.1286759613570016,0.2203709724764097,0.10382121062046054,0.0373708562065323,0.03250271571640632,0.038745973219612,0.03293798455416338,0.02421757859612491,0.019622881515489767,0.01777624390601606,0.015504301875358253,0.01504536066673728,0.015520432118760872,0.016554061419122298,0.019381616014766283,0.022685645889078097,0.02268110409699374,0.021101909226257,0.01715765182412684,0.012433967848295995,0.009481913097515414,0.006641558905997345,0.005088899111438292,0.0038838928564271812,0.003923915678794775,0.003746097637189097,0.0030648563505483954,0.0013883570251559132,0.007739048555666077,0.6,52,-31,17,5279
