,0,1,2,3,4,5,6,7,8,9,10,11,12,13,14,15,16,17,18,19,20,21,22,23,24,25,26,27,28,29,30,31,32,33,34,35,36,37,38,39,40,41,42,43,44,45,46,47,48,49,50,51,52,53,54,55,56,57,58,59,60,61,62,63,64,65,66,67,68,69,70,71,72,73,74,75,76,77,78,79,80,81,82,83,84,85,86,87,88,89,90,91,92,93,94,95,Exposure,Contrast,Highlights,Shadows,Temperature
800_6665,0.004780965608118985,0.020391270158124832,0.06439297765174044,0.11561786869827725,0.1196881401862388,0.07819666741464018,0.030905160995243725,0.007374438992336537,0.0015647161880920706,0.0008299092808686066,0.0007908773949557811,0.0008939072602390713,0.0012722523038722054,0.0019461991971653047,0.0028830470371110106,0.004091163731549589,0.005828935961061922,0.0085599843564165,0.012389733545995638,0.017414662204076097,0.02486636671387194,0.03048602240088929,0.033690793473648464,0.04099471082162065,0.0520129057361788,0.05470393130916579,0.04605071634796315,0.04232088658423984,0.04146504779947146,0.04555720246747581,0.04753073499518515,0.0405078031841651,0.0041234792703800935,0.007375429928791306,0.028598260928542688,0.0958013141579055,0.1413452766133051,0.1102476262117226,0.0476412794619171,0.01095273805651817,0.002295008829243812,0.0015839018188968938,0.0011499542297461946,0.0011362187494425985,0.0017669222768901067,0.00351308994025534,0.0061918113855956155,0.009043451242292992,0.013464899599419444,0.018316552007978583,0.023221797563133112,0.03132776786718985,0.03497014748877985,0.03962386034049898,0.04924177946643137,0.052820381316751965,0.04475308506044382,0.04236005610021583,0.04094139293515157,0.04669755011881328,0.05092229758966819,0.03104419488505027,0.006014516338229954,0.0015139582207978185,0.0020341448075260078,0.00605007994655109,0.011157504064491026,0.05214690236567361,0.12103969493250513,0.13527843332506084,0.0867226571454556,0.02862573188914988,0.00499481520026055,0.0014244161017044328,0.002007334471221994,0.004864864894622715,0.009905813692055268,0.014473948170500087,0.018403809468023467,0.02264804535582216,0.027229997892608472,0.031145490611537718,0.03181057412876316,0.035430987992272456,0.04757351041881599,0.0502145212268498,0.04679912110542705,0.04494992357677853,0.045089452934812466,0.05143227202570973,0.04463353958758105,0.018340362008905656,0.0030204568921722405,0.0004352413117444247,9.86532292747292e-05,1.7699226122670445e-05,-0.4,27,-30,22,5950
800_6671,0.011743560399448688,0.04985549944408465,0.11454630855250827,0.1819624681716716,0.1835301846951406,0.11351053222316153,0.04275588016187057,0.008877524438144536,0.0017164670957348113,0.001128263731791818,0.0014861294220264033,0.0020712498725545614,0.0027529591014100146,0.0036567757261967695,0.004803041470250216,0.004824511760103533,0.0040887964944631965,0.003105044328991784,0.00320422055250653,0.004257393321837002,0.005978732521807759,0.008401269367577749,0.01164972422238464,0.015343439857534169,0.020446762599591863,0.02327910672143389,0.025575299169220897,0.0319791984821496,0.03495316393898562,0.031061894111172945,0.023272115114225247,0.02418248293001853,0.002926483085045029,0.018499737622047586,0.0801162489575899,0.17203556955393987,0.20395404565222228,0.14151478179909574,0.0707306769042881,0.017413643741608694,0.002569112863037828,0.0017344966340090712,0.0021316694702828067,0.0025726637186674157,0.0036711167787782813,0.005439002466110524,0.005379904116988636,0.004740392265498741,0.004643555753057755,0.0060497771604121325,0.00757818653784199,0.008984242789120573,0.010931267766664851,0.013561130539582515,0.019019676474662087,0.024013858576632092,0.0240649193300653,0.03109465006620557,0.034404790715321786,0.029782705252117358,0.02499854662653301,0.016098203123916164,0.006599856996859172,0.002745086661797132,0.003051946650623773,0.010622508482966572,0.04208752104914186,0.10720558892564652,0.18923643721789965,0.18994971878324451,0.1151982071096828,0.04616924335835852,0.008879891675230928,0.0025203092426404803,0.003475902297188889,0.005297160923015468,0.006875282279259546,0.007812322801293678,0.007958045512169911,0.007292714260830771,0.007556193253748658,0.008768466376094738,0.011590488243199587,0.014883535238471059,0.019354723100424364,0.02458513344280612,0.026489548152795358,0.0321438866157296,0.03307035714891286,0.026453461550234203,0.0222032800437069,0.013584059708105351,0.004596293589367824,0.0008858696645503934,0.00015684321997974526,4.506008267933363e-05,-0.3,27,-30,22,6065
800_6681,0.008720818848227953,0.04822772116105162,0.0966407199131323,0.12942422848440233,0.1186565753368248,0.0774035879386738,0.05035839969487965,0.04679590056194905,0.053317473578881516,0.05048278974596573,0.025976876167515827,0.01159585581566292,0.006966723693224571,0.005318245848691931,0.004763046173895255,0.00498529119988972,0.005996651956031489,0.0068922658290537725,0.007289108353175919,0.008933594925876852,0.014548213352582457,0.02934314235638964,0.033704886792116286,0.02135966280854733,0.017868483574347428,0.01747103547794737,0.017218732046158258,0.017774895131397073,0.01996169920498269,0.015590898711099963,0.008888177005033297,0.017524298312391176,0.004996521813043764,0.049143043659118736,0.09134823841226436,0.12936097370737293,0.12095235489442233,0.10893499324731858,0.09096909511426488,0.07593807550010911,0.03977459278567432,0.013397185608343595,0.007290209393681218,0.005105359666992501,0.0054630051491260274,0.0055069091392747965,0.0054253495638448244,0.006545272913809008,0.006934876096608817,0.010125608902925442,0.023298540086352404,0.0371715678750733,0.025613202488615792,0.019711900640343137,0.018632908471163414,0.01830400014621818,0.017683123405280457,0.02110978166586988,0.015910365613712268,0.009352045369915478,0.007000966052939349,0.005115654395717041,0.002484085010016165,0.0014001932105878695,0.008297523825966014,0.03690550143696796,0.06400538386786281,0.1390565437149415,0.19965161977371856,0.17370053548003936,0.08133581647328357,0.025474966853175587,0.009729784841270695,0.004698057258070021,0.004179825018238736,0.005356396902200518,0.005870968182351686,0.007867897820798612,0.01831090917538893,0.02840373459726912,0.02436032849763684,0.02614855590830447,0.02215530220368853,0.019881350774108547,0.01750610361804112,0.018624155199146297,0.020973115013149732,0.014243059976539027,0.009732069500319192,0.0070212251982368365,0.004372341950590147,0.0014003583666636645,0.0004243410107419714,0.0001524941099838169,4.434440635088972e-05,0.00011538904495526362,-0.3,27,-30,22,5508
800_6747,0.01922631425149395,0.01077150678934607,0.007077598472108111,0.006299603251064321,0.007502875367279588,0.009873222893098436,0.011514654078397166,0.012089947742415535,0.015843559981053294,0.023765106000472568,0.032987283642788114,0.035609989652421334,0.030545974056402782,0.02701755212711116,0.02532951940242568,0.02413406467379803,0.024323608796785138,0.026057307176427867,0.030586547399023025,0.037439258347923964,0.04469943686182317,0.055887219540209886,0.06907617086298894,0.07811989736540825,0.0781131534923133,0.06724249800546513,0.052781046644700166,0.038005468427773616,0.0273224577690409,0.022751267903193883,0.020756099929555433,0.02724978909569121,0.019169748295534247,0.01882927904528337,0.006951804594377778,0.003411959369843689,0.004582200270900006,0.012380182019612176,0.015294113242896803,0.012967834863302516,0.018390679559997788,0.030221855257655587,0.03658003386360178,0.03125680580662338,0.026300306815947208,0.02777270075767001,0.027282407420660668,0.02706569512320533,0.02979225677850082,0.035126715448633265,0.04565926892231697,0.04783467722667275,0.0587282894080564,0.08345454871762914,0.09748532808474664,0.08766539555210465,0.06317828224028271,0.03982422218645064,0.02799081688176961,0.02561375300886844,0.02581678487804545,0.011152824642343509,0.0010418045261132677,0.0011774251903533875,0.02422787332484945,0.01721746584957717,0.007942520841045205,0.009097870169267363,0.016487118156400162,0.02407843460226784,0.029092050069156355,0.03493111560286702,0.03546115650211763,0.03268669958484167,0.031745199848761084,0.03365602811969368,0.035162031322840716,0.04043967630289977,0.050058558839274285,0.05774913408669461,0.07291869212242952,0.10292378003060453,0.1201849296622294,0.09319826172129184,0.05027111470882213,0.03740490588415864,0.02445691727596413,0.006755571650320986,0.002498013172408189,0.0022874116497572537,0.0018546476791497504,0.0016266221905024687,0.00138205356826308,0.0009269109493853883,0.0005949197110253131,0.0006823148011333671,0.65,27,-30,22,5247
800_6770,0.07467075035249812,0.11484568146589892,0.1336410759896317,0.11643200557390745,0.08152494770608121,0.05428239795171233,0.0362766972043921,0.028580616754445287,0.022781986933291698,0.01898510380279572,0.018844032988054368,0.02269241728818568,0.028323468744432864,0.031806527804906184,0.028860363620828958,0.02557857476472416,0.019745647531830533,0.014845631919076166,0.012877879854019643,0.01264823033062705,0.012609804016992136,0.01240377181243819,0.012056503637067102,0.011351094511335102,0.010210086235694455,0.008811324377763474,0.007425857583933969,0.0057924364683112845,0.004096586356038184,0.0029101601595539817,0.0022263864797510947,0.011861949779780891,0.09486157608663337,0.1761398356675025,0.15552687100363585,0.1084587381767518,0.06202538272718485,0.03777760809520213,0.03242602824521229,0.03575857506861134,0.03467385748880407,0.03275950588825452,0.02824067049843443,0.0254555610142697,0.022860821433471058,0.019193888608612916,0.016050252809910417,0.014763439245355644,0.014050047575960234,0.013597299720181566,0.01304567842702711,0.0120208849767207,0.010481960662465244,0.008894673144014556,0.007315808585429403,0.005671597272854793,0.004098843489074046,0.002950072877871045,0.0019555855674729733,0.0013017877154268324,0.0009429586147501113,0.0007440831734806026,0.0006304833193464487,0.00532562282007743,0.17699374763138662,0.2228830239152604,0.12922392169047595,0.07101111192098758,0.056197437702577686,0.05355328892910378,0.043092991238580285,0.03193711120883457,0.025938752640019876,0.02367193044771169,0.02229034482166337,0.01995938701992157,0.018010545325543546,0.017719705476068996,0.017984092827403753,0.016340129248942837,0.013532200700305802,0.010239786803324878,0.007194061031556042,0.00482145637270133,0.003220158113820723,0.002333655350979783,0.0018599051475625497,0.0015190780591474555,0.0011728558722563995,0.0009533359215125476,0.000754625636318834,0.0006067283704446376,0.0005251963210272972,0.00045456457261241015,0.00040617384240454913,0.0035986958395422845,-0.2,30,-22,38,4450
800_6893,0.012499314602285452,0.051557873221351636,0.07329830336264377,0.06774809580549811,0.06441442041558114,0.059551647497918477,0.04174658385667624,0.026580824410684583,0.02547207662184918,0.028254791342914882,0.034394275778496186,0.0400412097440323,0.03852152611260694,0.036746731396103946,0.034717183432687565,0.03053113753559389,0.03129096558830025,0.0322883156040121,0.030028815331064163,0.035085949423924595,0.03497102832118409,0.03441993002226965,0.032404447851308436,0.030177786111431026,0.019291248115293917,0.009650675080965012,0.008245031719875917,0.007851629947332829,0.006426333013224157,0.004465682659426811,0.003700184248118157,0.013625981825344588,0.011767177718287336,0.0333144578289375,0.07522432599254948,0.0802995997277347,0.07508022731641856,0.07132485341297233,0.06611090362614477,0.040855071359536185,0.03402421606466543,0.031576960859551494,0.03480892763279154,0.0365992194944066,0.03578926657269653,0.02817097463444905,0.024681474487019725,0.02334874753339401,0.03004662466123736,0.033492771338770565,0.03236169995369024,0.030438292294984605,0.02643719367676842,0.024433355009150743,0.02502153084708111,0.021932616761491944,0.01234002156718142,0.008867092079356834,0.007997875652449077,0.009208524740049842,0.00794067659819883,0.00672628397288005,0.0077538024984370735,0.01202523408671663,0.016355158451840157,0.0287646556749059,0.06761431938410438,0.08229908928535645,0.08482036193843906,0.07511416688999438,0.07371895588769299,0.07596205065711198,0.048424064209158936,0.03839650296323032,0.035380257550990835,0.03339865990158019,0.031180448647580936,0.033094662618067316,0.03377499554629115,0.032408824487317,0.027903641999762616,0.02621051696274013,0.024909197189528047,0.020779469514280384,0.020148408148668653,0.013778723669442095,0.011877364346855063,0.009467654622971802,0.01019489187672134,0.010082503167143014,0.0069456662935607405,0.00560201151291994,0.005580871535218212,0.0031761990716466875,0.0037007898203960713,0.00893491617448321,-0.6,49,-22,38,5450
800_6930,0.2910841703626761,0.13437464422628673,0.06078929960391169,0.060236659848289825,0.0648197684776067,0.04720603815017268,0.033931866292283536,0.023502920730148404,0.010154758950303216,0.00802446578065203,0.007524896177385553,0.005734576789757857,0.005834193429474722,0.0063441953915289034,0.005811126630888722,0.005827614712455565,0.006930306778511829,0.007264527623895132,0.006419836874242897,0.0044839048797894986,0.0022451867463790637,0.002398121272564999,0.0050373704157903295,0.011009937110768418,0.02273544044593021,0.0404198575738044,0.04553008934503285,0.022810256148265238,0.0034290530236884467,0.0017397541024218707,0.0020657997220533348,0.04427936238303922,0.28345409729102194,0.15543677836428982,0.045502398176324586,0.0613390216021945,0.07234094864328687,0.0658893192244535,0.04210301819425393,0.015862607981794955,0.010026460205423329,0.007310908955180825,0.0072489754267577935,0.008974691262737111,0.007587875694288617,0.006821221190449397,0.0024775062929970077,0.0014089189565923588,0.001479137814817759,0.0013903113720528176,0.0014848907514579427,0.0019327114509754008,0.0026262568652628106,0.007941750112691496,0.013597932818472113,0.03761795722193388,0.054080136810889017,0.03360857327391532,0.002311882274987509,0.0017547557793065602,0.002278988689891721,0.002643102784993875,0.0028669993717462877,0.03859986514455891,0.2871058908089323,0.15393881275683147,0.0576528756205189,0.05775073059542729,0.06981948330811584,0.06987915970350299,0.05081984577065018,0.015864397172616066,0.010236621311872146,0.008483985035538284,0.006427901995944207,0.002577370666827565,0.001426893442841354,0.0015094990067513602,0.0014086987484912992,0.0014750364389355226,0.0019300414277500524,0.0030413491357602768,0.008979866153112014,0.020819767596774303,0.0473792318216561,0.059068345768117786,0.014695807832317697,0.003136946977632803,0.003980619264817639,0.004983226748942285,0.004246327864758753,0.004058435302529597,0.004009439000043822,0.004262678316262434,0.0035873275963250787,0.01544338680940262,-0.6,46,-22,38,5450
800_6931,0.13068324077619833,0.10130200241832536,0.1073160783403532,0.11693493335071507,0.09800730386229596,0.05450656979859106,0.020500300694162,0.0070679918936993845,0.004059949233224382,0.0030235673315997078,0.002522951739853196,0.00251874025992043,0.0033152054354406,0.0065303262889495825,0.015573089380926762,0.029386358196222595,0.034445198901866245,0.02615956631335745,0.01784574708791302,0.017837654440199077,0.023166800589893462,0.026306142330625292,0.02517116225175115,0.021659310982064268,0.01904745022140824,0.018139669850802405,0.015564638895048596,0.011148530584372844,0.00950616351464461,0.008951156521936359,0.006942913692297496,0.014859284821341863,0.0745279178729483,0.14750045087608693,0.19143226982362874,0.14800626888422094,0.061335553324602825,0.016402971135782738,0.00394279852346064,0.0032422890279772193,0.004372314424577514,0.006042950709279283,0.007070331604773144,0.008034677931338673,0.011754846064627995,0.023071202748020936,0.04404552890572649,0.05505015349605685,0.04533121390376334,0.034164818937192025,0.02523342609232577,0.017282096927238182,0.010642217108011413,0.006417029220954386,0.003581987549874382,0.003134029220293762,0.004711022010019909,0.006652651889088226,0.008463395578089205,0.00814538755414642,0.005876005442663426,0.004208617227452287,0.002603933269017887,0.0077196427167601925,0.16625695114397007,0.2245426773209218,0.1480115538786464,0.05828759794581075,0.025022962199738,0.019844383339143158,0.011773371071129638,0.008449632571772977,0.010517001276546362,0.014999970271906356,0.019970232268898755,0.02358040645570877,0.028387191463677006,0.04011847526149162,0.0471863845771531,0.04188531496034383,0.02607993355881175,0.013194098687141323,0.006865538070787656,0.005206077347214665,0.0063878516475639815,0.007482671274007363,0.007665141211747927,0.0073546753152664325,0.006564898960815951,0.00521397731284018,0.004129865305310825,0.003487903638696641,0.0028771014183824,0.002190960501493121,0.0018650249859121868,0.004600174757149001,0.95,44,-22,38,5200
800_6935,0.18524546817233226,0.14902385051921768,0.16486196034976974,0.1542336163521251,0.07847324878957113,0.024432639332822303,0.010901402042958636,0.008012712173257972,0.007687437281980217,0.008110181783989506,0.008316241514556084,0.008640800729505398,0.00925028170121328,0.010490383622330773,0.011779124007769823,0.010534315138492178,0.009445441130777409,0.009472746935308805,0.009388985278868237,0.00887623071555081,0.009075023578782421,0.0099434968033491,0.011269479883879864,0.011793465060351331,0.01081934699930128,0.008337298914219917,0.006225035282842992,0.004961371094912114,0.005066272729054411,0.0063759053580814936,0.008609118288965437,0.02034711843386237,0.17044919039390605,0.26318405169253045,0.2101834300450612,0.08438850632624842,0.031417254934257975,0.016026993329235996,0.01328972405502648,0.012800036290295054,0.011398466779075562,0.013326251073789751,0.014606926337527491,0.012158872878047212,0.01145924421496803,0.01160526971198322,0.009606137992525696,0.009110366979002495,0.008016510763001252,0.00552620487413015,0.004174099607611185,0.003789148320946261,0.003500180240330717,0.0060762847105771895,0.008024575884702562,0.008462872583849191,0.00822210255135308,0.005800226329886269,0.005035828959082913,0.005985724129016403,0.005732897702987278,0.0055359215565894074,0.0068838153431756074,0.014222883409279437,0.3135747944522533,0.3046644314810382,0.09302137956411567,0.037189046893094914,0.02739575954068113,0.02323396406071666,0.020146068437594897,0.018826168605855904,0.015204901435955006,0.012531575089090693,0.011260946819963804,0.009723068494188377,0.008874028634540213,0.006881558210139746,0.0045904580746897435,0.003970214432042569,0.003657546454550479,0.0024735150211653016,0.001560642338222467,0.0020344475936649653,0.004458993838357125,0.006943216478436452,0.00783709621266289,0.0074543745330211955,0.006196490807743134,0.007441299677020778,0.00586865599729056,0.004775460405592493,0.004561473183387765,0.004550049888145296,0.005252568782550886,0.013845804562227395,0.15,45,-22,38,5150
800_6941,0.20302779532714005,0.14725857980308552,0.13694064664989708,0.08238031854863483,0.06377256885301748,0.046920565873161464,0.04611581536783892,0.045587783867510466,0.04877573654655122,0.04269939678394877,0.02440222308886344,0.021093045850189347,0.019116127622926214,0.013191456189928608,0.005896237061948283,0.0037100936126658415,0.002592922863964904,0.001577653414029326,0.0011970512373603304,0.0009571620372684596,0.0004842651402428322,0.0002457522407825844,0.00023972404401607607,0.00026422219525896356,0.0005058455341466792,0.0010662476253308901,0.001820460371460237,0.0025645435449408397,0.0017096406446019618,0.0007875742734398863,0.0003430842214509556,0.03275545956439755,0.2393107409363997,0.2327457593975459,0.09432294707144144,0.0700427467965777,0.04834198163948895,0.04971709865256865,0.04194818437319636,0.0433575987980161,0.05070569539626338,0.02252588491175931,0.019048826522039857,0.01400275788625767,0.015538984651275147,0.006699088272399183,0.002642634842779123,0.0015041314342880306,0.0011970237113476975,0.001050475220092492,0.0009549874822704953,0.0010695782728594176,0.000640530313957296,0.0004947800770684312,0.0005287471766568843,0.00036323326269791477,0.0004318005601653674,0.0008613990393201383,0.001616492617853724,0.0033041124523497194,0.001870365032362884,0.0005157824247069966,0.00031528294869217306,0.032330347825301864,0.34623633526154884,0.21563113073116355,0.08242895701295637,0.056192345390240685,0.04877149754060582,0.04930343773472808,0.04942989223676159,0.02907652539803165,0.014292771955353247,0.015134765155767503,0.013865155349108014,0.01502361511675764,0.010118892555843122,0.004095815627684475,0.002074277733944132,0.0013722267817532926,0.0008677850742508684,0.000847250668827055,0.0008543799060988616,0.0009710076216225855,0.0009969095995097288,0.0005925799999515543,0.0006069485785456973,0.0008525907152777517,0.0017792264045368156,0.002990618694478656,0.003099786860578984,0.0005275360321010562,0.00035759043010826093,0.00029510638143258143,0.00026435982532212594,0.03104868162510936,0.6,44,-22,38,5026
800_6967,0.0182940082036326,0.0492008482856469,0.10584197778584717,0.15654147982926825,0.15887882366594078,0.09843962741670133,0.037317318111962164,0.02131454767384273,0.01670592243081557,0.012877164177691202,0.009989492770457938,0.012025509346842954,0.019312305514957745,0.01979445115222788,0.01547462883374046,0.014497345281237676,0.015224059540747197,0.015843670085103824,0.019365045355161536,0.02092926607502622,0.01846444927385277,0.018243415392414142,0.016295784842591945,0.014672685981706431,0.015122736288247118,0.015024358319098713,0.01425211603469511,0.01129865745727027,0.008672565748083253,0.0071635346835466455,0.006622593483293582,0.01629961095834786,0.011060970338188996,0.02999972033571165,0.07739279774172188,0.1234459363787967,0.16893024996482175,0.13695842845405765,0.06895838705493465,0.034284887404294806,0.026615011718374097,0.01908579395700525,0.0209770787589688,0.02730095995317495,0.018113905502978426,0.015518477771863966,0.014967049160797937,0.01393644772182608,0.014695917936368229,0.01919664120987616,0.016163825138031943,0.01824085547323932,0.019257005755579138,0.01701682874349918,0.014334253656390362,0.014358036131304803,0.014636434223069485,0.010579843163386265,0.007757821296281411,0.006810183259383783,0.006945170825333357,0.005981292440982578,0.003705992236783605,0.002773796292972785,0.013350473964906316,0.03010825540352144,0.05796235058054563,0.0934031928853405,0.14328228212225114,0.15887907140005447,0.09420430995699557,0.05432784339856851,0.055316412616250615,0.04158445564227106,0.027281967004458552,0.017679077081423487,0.015668934956912982,0.015113487548002612,0.015866076259386644,0.01825783902303355,0.02117785349510995,0.01759614120536189,0.015624315290435769,0.015245034362373127,0.016777324907584164,0.017020875067356153,0.013267510562832088,0.009147086679854196,0.007862998190550034,0.0063165592748459145,0.003763686759261237,0.0019937641469941927,0.0010193157737925494,0.00031960453267546897,0.00017404697787503146,0.0004078529291751291,0.05,72,-22,38,5300
800_6970,0.031836228372536614,0.03615913360443887,0.036428227903933776,0.0516367902995689,0.0737037890547325,0.06814144252601594,0.056485965366991124,0.04925080799857482,0.041325380811374365,0.03899552405013786,0.039279564974492184,0.0412874224399542,0.04259614671056442,0.03750854132171985,0.03253654518593161,0.03266776168815053,0.0358312162159484,0.027314172439238532,0.02081076659064349,0.018919784574818896,0.01748537653052888,0.014748437568470956,0.013930777363223791,0.015082052841576347,0.015377874899337372,0.014566215364844084,0.015324832272994625,0.01628722425266325,0.01812563158435985,0.021136564476161263,0.013996977423604857,0.011222823292467848,0.029225110814221657,0.0722549849058357,0.07316884852523331,0.08456437002095721,0.06975969680867812,0.048254173659191414,0.04367794653303265,0.045810496835719694,0.04679664376429013,0.038598351213864124,0.03397769710331658,0.03215872313653849,0.030083316836076433,0.032793940930057726,0.04120333047136205,0.03896084127422096,0.02371178811400349,0.02389904757794211,0.02032842827128493,0.01962134005878235,0.01698778880017194,0.015252328755720732,0.01401932854586241,0.011535436217934672,0.010284791833978945,0.011757901452030196,0.01260636326541308,0.01495645164593444,0.022304961134371203,0.009972316538575285,0.0028884971876122372,0.008584757767785714,0.053558216085364985,0.0987975756849738,0.09814463113931927,0.07525507254865993,0.05314551857796655,0.0481821656101449,0.05179302794727073,0.054810732238179734,0.04513635726033816,0.036903079147856316,0.03664774785467763,0.04352867296652683,0.03870135355313478,0.02632714467826385,0.021677395572363797,0.02299165257151313,0.02082395155069444,0.016130546188759302,0.013967662220151288,0.013747894535293743,0.01464615090552874,0.0115524197677289,0.009869424303355157,0.010257816341599136,0.010748605146835864,0.011342451343368509,0.016605287328631303,0.019799378308489088,0.007768281181081745,0.0036323326269791477,0.0019762025509346844,0.011531252264014538,0.05,72,-22,38,5400
800_6971,0.13569933358422376,0.1932208825984732,0.13414992185915536,0.08675789044162514,0.04807470405682778,0.030992225773200186,0.02654660957698244,0.02946015543609021,0.0282280911106614,0.024948697017655626,0.021774066928728988,0.020429228529544992,0.02724354069082364,0.043319475270520144,0.036084345428116484,0.009150692587509049,0.00555576781169741,0.006537538104259287,0.006660331646612682,0.0062468083588352675,0.005874574090006538,0.005203820214178804,0.005464326397732386,0.007428775341273009,0.010896997880937443,0.01090288844764079,0.00927860596821208,0.007792669228274105,0.005273488552151554,0.0023837526939708567,0.0012022536537478648,0.0072175407203315285,0.17730864521590192,0.1647004652336551,0.11060791419106884,0.10578590729811486,0.07931722386289491,0.05410356144763925,0.032244769452027554,0.024050853537610117,0.01760431643111373,0.012954126909011552,0.013108300105765951,0.01938202890495576,0.044270086116782084,0.03845934485007022,0.0093334928374012,0.005246347903695951,0.004603477878664896,0.005212931324360147,0.0064335998805591255,0.007775878360568304,0.007940373812059873,0.007704641039875503,0.008464028676379753,0.005101010556996573,0.002923372645617561,0.0019053781204313698,0.002709082637273877,0.005255046123687808,0.005864719777484118,0.002677620404834977,0.00197592729080836,0.014975527172688734,0.22108568539441145,0.1625857517871539,0.12951057758603035,0.0964292926101024,0.06410489040352914,0.040961376820322734,0.03523123171859871,0.013977819318812664,0.012092480135577724,0.012444262577020537,0.01839717569897905,0.04152246706182276,0.03900529578462238,0.011638906499420084,0.006115894642755296,0.00499032846020146,0.004986337188369753,0.0061182343538290565,0.00724289217796602,0.007094637073927603,0.007529382917444644,0.006372326976439274,0.004442918646979769,0.0030804360736983666,0.002062248866423748,0.0027731356686696057,0.0021607644656353145,0.0017103287949177732,0.0015028377116943054,0.00174680076165578,0.0023890927404215533,0.028694189082566806,0.0,72,-22,38,5487
800_6974,0.07988635170008361,0.04490467081201077,0.04579882580636353,0.07351754805326129,0.12618056315579348,0.1603844690309236,0.12170417287745265,0.06414257351482297,0.0468355380201398,0.04681737085180237,0.04161602797876049,0.03033509727362552,0.02034131044519692,0.013470129541819609,0.009626011773646331,0.007890496677169859,0.007289548769378038,0.006912084558149142,0.00608715748556701,0.004895666502758436,0.003913620950070236,0.003337501505672891,0.003083876825277424,0.002814149427491969,0.0025197311963751985,0.0025040413691746976,0.002480313946285519,0.002461128315480696,0.0023867255033351623,0.0023739809594863336,0.002462945032314438,0.011026370140309995,0.07255138500986202,0.056642891165008764,0.10251061458099132,0.22242716562005427,0.21325040589858227,0.11148805844499167,0.07060111196282713,0.03212927030302176,0.015692332067650572,0.010340504483547041,0.007537365461108056,0.006239513965487665,0.005673441515701168,0.005850268620852078,0.005969979249790636,0.0049772536042010426,0.004029615567303413,0.0038323091087539545,0.0036653363161254647,0.003374413888613017,0.003069067830481161,0.0031259090465671872,0.0033414377254793325,0.00334958542521854,0.0033307025805526733,0.0031902648641018733,0.003077655946422488,0.002780787900181429,0.0023793210059370306,0.0020551196291519413,0.0014926255610076635,0.010024285650425364,0.10762624145069574,0.16064687450934886,0.2397016653678059,0.1878085253125909,0.10785156939010504,0.05571474154505491,0.02585339447484662,0.014271246613474666,0.010305188609339598,0.009351247115549136,0.00850339087444417,0.006361894617651573,0.004538516488852296,0.003912905273741792,0.003949184558391371,0.0041262593976559726,0.004254503090510594,0.004022238595917914,0.0036626387668874842,0.0034508260996807204,0.0032120104140815147,0.0032186166571133053,0.00307655490591719,0.002523474734093213,0.0019415748270430523,0.0016619655907225447,0.0015562657022139062,0.0014641086119204368,0.0014574473168633825,0.001417396968483156,0.0012663892631814915,0.011291142855821609,0.05,72,-22,38,5250
800_7290,0.17704089969102602,0.10726361376027574,0.03032590358540628,0.02259425952713833,0.02300200235226293,0.02532693195723823,0.026988925073973408,0.03010921881396357,0.029649011408761507,0.034188326151980135,0.042121735882844014,0.03995117215671153,0.03021054206646365,0.026720353768718515,0.02393626274702119,0.02224140357120286,0.023693153003451317,0.023975982783249826,0.01960410877487443,0.020832071724421013,0.028368693983187993,0.03705777533885072,0.02829343786465085,0.02941710475233305,0.02946111884653235,0.015128516750899938,0.009240344810652962,0.007685923351285431,0.006768316194169815,0.007234028801898371,0.007546751831415725,0.014022108673138288,0.2876937913867363,0.06569490299723044,0.03758349465411803,0.038316016902293006,0.04469588600619357,0.04657657329329363,0.04897392383750492,0.04093919085414098,0.03673324364991405,0.03966803959077407,0.039031775808774816,0.03644493619360168,0.04913489595937953,0.042882940236182,0.03233486209137359,0.035486920849941615,0.014972719519400225,0.007884055590213863,0.007950888748885472,0.008067846776560786,0.00697657800574699,0.005369912174403055,0.00566248616267345,0.007087920726845283,0.005539279730130568,0.002475221633948514,0.0029231799635291342,0.0026698305432599915,0.0001364739706317264,2.923262541567032e-05,2.0589457449078528e-05,4.239005945398521e-05,0.3347840551277769,0.08859139814307318,0.06657548766735541,0.07491099739075421,0.08268148065284656,0.08160493829879112,0.07438216763605943,0.053415824022017284,0.04128574335318363,0.02329209899939641,0.01308787580439267,0.008151525854963456,0.006742551846345834,0.007095958322533961,0.006785932842254588,0.005863205846789333,0.005412660072021262,0.006150962782849048,0.007461393666242474,0.0048978410577564,0.00298472812777531,0.0030919144209661012,0.0007031244666835053,1.896542270376351e-05,6.716347082319734e-06,3.4958036043221567e-06,1.4038266442553543e-06,9.90936454768485e-07,6.055722779140743e-07,8.257803789737376e-07,7.43202341076364e-07,1.2386705684606067e-05,0.9,26,-11,51,4113
CAR_0089,0.014695147208014516,0.021239511763406653,0.0360930987001336,0.0626439197570488,0.09544721953140156,0.12403691987001556,0.12505857535488188,0.08849571772316274,0.04983405668024397,0.030532211050086557,0.021665146496742352,0.013354905652940141,0.00793910761547878,0.006035821472007478,0.006289776464554532,0.006992488041048552,0.008071122372064048,0.010547004630315741,0.013192804964547595,0.014961020964031431,0.01802166583464706,0.023603060364105286,0.028640733566034575,0.030774274805176388,0.028568285100785944,0.022419964815149608,0.017165221477600762,0.013999399712716512,0.012795714706311759,0.013263381660937221,0.013108492787854378,0.020514228856554018,0.03503893499434836,0.11633208614805166,0.18966870572027975,0.1829331454811426,0.09458185674626236,0.037806675564542,0.02209535054817504,0.012641266249431037,0.006816156404125025,0.006193352842303033,0.007807643379146161,0.009055700317914436,0.01157394510960748,0.013704816325523944,0.015731831895778148,0.02429404585921788,0.033780500748817645,0.03827172754796738,0.031229527528104612,0.02443368532130234,0.019809865719302055,0.01637544512315028,0.016265175916544652,0.016827229568486812,0.0113794187783339,0.004078694447827085,0.0006362913080118973,0.00020795902543821964,7.220073113493713e-05,3.121449832520729e-05,2.617723801346749e-05,0.00029937291339061234,0.27198012665929555,0.21706003357292708,0.12675128750171488,0.062496628063452526,0.02687810534711513,0.014195439974684875,0.014561370786620773,0.02144411261530372,0.03239437333068496,0.04244742366431125,0.043285563222956965,0.036973270480069084,0.03218823102208049,0.027379436615190086,0.018764455285533936,0.00842108809667312,0.002075681560588387,0.0002964826820642043,5.871298494503276e-05,3.6582070788536575e-05,2.986572370621685e-05,2.3947630990238395e-05,2.2323596244923378e-05,1.8635110552174013e-05,1.5772405238398387e-05,1.4836520808894822e-05,1.3515272202536839e-05,1.1478347267734955e-05,9.468948345565527e-06,9.41389632030061e-06,8.147699739207548e-06,0.00013418931158323239,1.3,34,-24,19,3616
CAR_0270,0.14378501721697035,0.1965860477468417,0.07966311573763438,0.05047797269375505,0.05603635547665255,0.0573016161733161,0.05019555580414604,0.038060685609114325,0.02702349774583977,0.02076515598771151,0.020142847894116897,0.02037191937124421,0.01599613666907501,0.014003858926762971,0.01249323135349368,0.011927847054022993,0.012308862120881477,0.012545172939331129,0.012246240442142634,0.0121812515263174,0.012084772852040637,0.011136997185079843,0.010884831383353895,0.010328090251849805,0.01015222655714103,0.01031394188135672,0.010249283277683076,0.011906018926005455,0.010660081490209878,0.008307047826336844,0.00931747269804911,0.020546847181523484,0.2316855674949941,0.16431622962331865,0.02284851730582435,0.0333510949517513,0.04011486935383676,0.04068220800020436,0.0366602721904254,0.03699226342878547,0.04263583922078042,0.04591223297840925,0.046001720045477375,0.04925061531648638,0.04266653072486561,0.042955471279468534,0.034919499625536116,0.019861229258874225,0.01966634508943642,0.01496305788896623,0.01355243231959066,0.013419206418449564,0.0067620402632896145,0.0006161147407523058,6.625511240632624e-05,3.806847547068931e-05,8.643167966591789e-06,6.5511910065249875e-06,5.202416387534548e-06,5.31252043806438e-06,5.890566703345996e-06,6.386034930730239e-06,7.844913600250509e-06,1.64880815668423e-05,0.3781382407002265,0.09304411605055007,0.04718258598740982,0.05260719234891357,0.05262412084668253,0.05265018798064547,0.06244631051236039,0.06480718908983367,0.05629182439989439,0.04033009524660995,0.027563392957612804,0.022364527425707843,0.0175833416094878,0.014842521479648697,0.007711962959235738,0.0034475780301900898,0.0017783180461199445,0.0010897823661316418,0.0014727242538743965,0.0017779602079557226,0.00020864717575403108,9.689156446625191e-06,8.36790784026721e-06,8.890902080283907e-06,6.083248791773201e-06,3.4682775916896987e-06,1.9268208842720547e-07,2.7526012632457924e-08,1.101040505298317e-07,0.0,1.3763006316228962e-07,4.128901894868689e-07,0.55,26,-11,15,4113
CAR_1003,0.002340812114264222,0.006398228954326418,0.011441407358782196,0.020167043259220828,0.02915659856877947,0.025845054093018984,0.017740542667631764,0.014126927729242691,0.013226331647933931,0.013177087611334464,0.016407402823816558,0.02301854548585504,0.02735719559698306,0.03019476966122525,0.031110119685305006,0.033760214077507525,0.036926283576505466,0.035149974929307694,0.033115775069756416,0.03239382281043232,0.03405053093274206,0.03570010981778,0.037457976036514025,0.042028422700019975,0.04723829863697792,0.05503410583069212,0.06497718974385172,0.07261257533594398,0.06649579986078444,0.05022732082272389,0.024281686679545902,0.016841845881194646,0.03458690281489814,0.0617951001055017,0.0459434750027471,0.03185117499739604,0.03124507972524195,0.031226334510639244,0.04239173854075578,0.05145646739081367,0.042964334655536174,0.0465208331177129,0.05315724465934798,0.0540998729619465,0.06008760648988507,0.07324374680560622,0.09117895343457474,0.10905321747157498,0.09270455515871608,0.03793546977764927,0.005311474449584346,0.0007107216461700636,0.00016300904680941584,0.00012923462930938996,0.00011420542641206795,0.00011037931065615627,0.00011277407375518013,0.00013391405145690778,0.00018731451596387617,0.00025921246095985626,0.00028131584910372003,0.00027625106277934773,0.00025359715438283485,0.0005144887021132711,0.25047867735967844,0.099394752529035,0.07067587261313686,0.06989842791234573,0.08385174907991551,0.11544357398628853,0.13711728107295956,0.1122234158724678,0.04985288447288457,0.01011798419742625,0.0008829243811987203,4.021550445602103e-05,9.001006130813741e-06,4.9546822738424265e-06,3.137965440100204e-06,2.1195029726992604e-06,1.0459884800334012e-06,3.8536417685441093e-07,1.9268208842720547e-07,2.202081010596634e-07,1.101040505298317e-07,1.6515607579474757e-07,0.0,2.7526012632457924e-08,0.0,5.505202526491585e-08,1.3763006316228962e-07,2.7526012632457924e-08,1.3763006316228962e-07,0.0,1.101040505298317e-07,4.128901894868689e-07,1.0,21,-28,20,2753
CAR_1004,0.009908483715280615,0.019138698953284832,0.021370508057524527,0.02456308510668752,0.030657757193703193,0.03488949627176675,0.03994905265373884,0.04579915611851512,0.040679537976979006,0.02941704970030778,0.029976047964847742,0.03078545036630517,0.02829731903243203,0.027473355370292038,0.02866759895436385,0.029560405174097627,0.029149937273722414,0.030969681968854208,0.03393566488202681,0.03718271591018945,0.03676566929279508,0.03166537441212695,0.028477091420934613,0.027384804187653416,0.028729917846963736,0.029362217883143932,0.03151254998999154,0.034586104560531794,0.04234122830757522,0.05041859908450684,0.03375955345320435,0.02262588691565303,0.08441515150647665,0.1049057355181794,0.055490872484315126,0.03700638427326592,0.03768556110895919,0.04611719166847054,0.04866392588323818,0.04555483523038943,0.044861124660026216,0.0452619859819927,0.05125803236574628,0.055249221619414784,0.04983017551246279,0.047490932380918616,0.046244527002908285,0.0491337673928616,0.06466955902667139,0.06536613230234836,0.01717028626392514,0.001569175402138529,0.00035302111201127284,0.00022860353491256308,0.0001896542270376351,0.00016581670009792654,0.0001585773587755901,0.00013523530006326578,0.00010066262819689864,9.30379226977078e-05,0.00010966363432771237,0.0001180865941932445,0.00010013963395688192,0.0003029237690201995,0.30717667560197737,0.10989900926173253,0.07471256236568682,0.0768451401943865,0.0829137176214266,0.09096557178464793,0.09692847684919202,0.09067616328783026,0.053114854599893985,0.014492665859090157,0.001785832647568605,0.00019612284000626278,6.664047658318063e-05,3.404967762635046e-05,2.4112787066033145e-05,1.6075191377355425e-05,1.1753607394059535e-05,7.734809549720677e-06,5.147364362269632e-06,3.633433667484446e-06,3.2480694906300358e-06,2.5874451874510447e-06,2.5599191748185868e-06,2.8902313264080816e-06,2.91775733904054e-06,2.312185061126466e-06,2.4498151242887557e-06,1.98187290953697e-06,2.0369249348018865e-06,1.816716833742223e-06,1.5689827200501015e-06,9.768981883259318e-05,1.0,21,-28,20,2753
CAR_1005,0.0071957125923139895,0.015424091074547269,0.020102632389660882,0.02809926937154149,0.036172896610755095,0.037185743771579016,0.03362855715908648,0.032001522078394525,0.030268869687231824,0.02658379722004889,0.02526604441729523,0.025120817174646384,0.025519834253766496,0.027222290609071383,0.02891827835140765,0.034527419101599385,0.04144035696614015,0.04112309214453843,0.0374378545212797,0.03950569116826784,0.04474631366133624,0.044195655778623916,0.04380437350905353,0.040074075803115464,0.0364883722415357,0.03657328999050683,0.0363455672879985,0.033242532357928886,0.026737722682689598,0.024317608126031263,0.019623432035742416,0.02110628586226556,0.06028664708723036,0.08213638302468597,0.06537416989803704,0.051799028618024615,0.04732519825885858,0.04548802959773045,0.04322533630731714,0.0425904488259495,0.043222941544218116,0.049279352473674674,0.05766578532044352,0.06778393467394557,0.07106575105606301,0.0622898526565575,0.06022705326988111,0.05786832172139315,0.046449072802780086,0.030203330251153945,0.011735660433823172,0.002531594907819788,0.0008643718486844437,0.00012119703362071224,6.749378297478684e-05,7.049411835172476e-05,6.746625696215439e-05,7.134742474333094e-05,7.021885822540017e-05,4.786773596784433e-05,1.8635110552174013e-05,1.3102382013049973e-05,1.6680763655269503e-05,2.323195466179449e-05,0.3010968400357706,0.1171183666988978,0.0711162888152562,0.07511419441600703,0.09585011777830284,0.10710498134947488,0.10071795548228987,0.0795679032599387,0.04085113513972975,0.010205792177723792,0.001147036472407154,9.01476913712997e-05,1.3350116126742094e-05,2.3397110737589242e-06,9.634104421360277e-07,4.954682273842425e-07,4.128901894868689e-07,1.6515607579474757e-07,1.9268208842720547e-07,1.3763006316228962e-07,1.3763006316228962e-07,5.505202526491585e-08,0.0,2.7526012632457924e-08,1.101040505298317e-07,1.101040505298317e-07,5.505202526491585e-08,8.257803789737378e-08,5.505202526491585e-08,1.3763006316228962e-07,0.0,4.128901894868689e-07,1.0,21,-28,20,2753
CAR_1007,0.026054802309278317,0.0781134838044649,0.07036832447399441,0.04133831803731162,0.02743545205089714,0.03124246475404186,0.02690948500151613,0.027901192184638327,0.03366023959962644,0.03253048946315247,0.028685243128461255,0.03293267203372531,0.04423757789586315,0.05215849081699187,0.058115808100971576,0.0828055954438063,0.13939018651405952,0.11098972751229366,0.028280115274536742,0.005546188759301315,0.0012634715058424512,0.000928094567928584,0.0008970452256791713,0.0008169445289187187,0.000739954271585734,0.0006626061760885273,0.0006342819090897281,0.0005095064938267963,0.00044605903470898065,0.00041311039758792857,0.0003812077489469098,0.013611860980864136,0.18757953641350147,0.1096395765926716,0.07117434117589805,0.04902839781650455,0.04031388242516944,0.03979870557274035,0.05348163871822149,0.08236063744960262,0.18392592617875744,0.1496794100360723,0.01253077683472435,0.0017912552720571995,0.0014799360691841006,0.0011623959874560658,0.0008652251550760499,0.0006665148698823362,0.0006230512959356851,0.0006425397128794652,0.0006821771710702048,0.0007393762253204522,0.0008866954449293672,0.0010595312782485703,0.0010547968040757877,0.0009944597843854401,0.0009186256195830183,0.000885484300373539,0.0008509942065450692,0.0008684456985540474,0.0009381690885520637,0.000707556154717331,0.0006476044992038376,0.002022336148106684,0.5130011138125752,0.07674356920777273,0.1629476913272581,0.1834297422750448,0.059978906265999485,0.003685595461422954,4.957434875105672e-05,1.5497145112073813e-05,1.4808994796262365e-05,1.6570659604739672e-05,1.5717353213133474e-05,1.4533734669937785e-05,1.7423965996345868e-05,1.4396104606775494e-05,1.3487746189904386e-05,1.2276601634076235e-05,1.1560925305632327e-05,7.872439612882969e-06,6.688821069687276e-06,2.3397110737589242e-06,2.202081010596634e-07,0.0,0.0,0.0,1.9268208842720547e-07,0.0,1.101040505298317e-07,0.0,0.0,2.7526012632457924e-08,0.0,8.257803789737378e-08,1.0,21,-28,20,2753
CAR_1008,0.022474301164086084,0.04718107205671504,0.05579145654226157,0.03972900970875497,0.03626565927332648,0.06188164188921815,0.044777032691434064,0.03614641658660267,0.04094799917818337,0.043592670945897284,0.05202710915869716,0.052876809642648494,0.06028838122602623,0.05572679793858792,0.04317595464065451,0.03616689594000122,0.037374434588174514,0.052231737536606836,0.06982273137760646,0.06529968450785363,0.027832542309132974,0.004890381508333005,0.000718318825656622,0.00029375760681359103,0.0002593500910230186,0.00025367973242073217,0.0002543128307112788,0.0002560744955197561,0.00025998318931356513,0.00026210269228626434,0.00028029738663631903,0.010661402738816236,0.15242843291767585,0.12533689086860866,0.06471756439270239,0.056685253698450115,0.05790900516806392,0.06796296386010707,0.10234873410069983,0.08604504929248237,0.054082641678038584,0.07827357509393527,0.09438369698132128,0.04513855934134876,0.001975514400618873,0.00043862701129821706,0.0004337824330749045,0.000440911670346711,0.0004380764910455679,0.00046648333608226446,0.0005342799051960083,0.0006712768700677514,0.0009661630433992732,0.0010203342362599503,0.0010940764241023052,0.0009517118867672328,0.0008856769824619662,0.0008316709456770838,0.0007904920307789268,0.000737311774373018,0.0006817918068933504,0.0007218146292609442,0.0005761744964226092,3.146223243889941e-05,0.4397260974566185,0.12237344034859825,0.14546817783741992,0.16087390906154134,0.10944860111702763,0.021329989766929545,0.0007731231168078457,4.37663600856081e-06,3.027861389570372e-07,3.027861389570372e-07,1.3763006316228962e-07,2.7526012632457924e-07,0.0,2.4773411369212126e-07,1.101040505298317e-07,2.7526012632457924e-08,1.101040505298317e-07,8.257803789737378e-08,1.101040505298317e-07,5.505202526491585e-08,1.101040505298317e-07,0.0,0.0,1.101040505298317e-07,8.257803789737378e-08,0.0,5.505202526491585e-08,5.505202526491585e-08,0.0,2.7526012632457924e-08,0.0,8.257803789737378e-08,1.0,21,-28,20,2753
CAR_1009,0.04480144826463905,0.062491866063267114,0.07028951749982769,0.05447772253735225,0.037990576854939465,0.04115939895520064,0.03501347343266333,0.03618476032219969,0.0391462564953132,0.05114184506642467,0.07120269296890948,0.06810755800446537,0.05209226323059818,0.031978152493669566,0.02197148349132897,0.02143354262645285,0.02707777904275098,0.04746841610258527,0.07564321685279023,0.06464927235536126,0.023786603816338518,0.005938902381528592,0.0031045763867770322,0.0007293842827348703,0.00024027456426872523,0.00023303522294638882,0.00023240212465584228,0.0002369163907275654,0.0002386505295234102,0.0002505692929932645,0.0002567626458355676,0.010430679700930971,0.17989903568670465,0.13618401161465607,0.07580377608447535,0.06512395844320801,0.06062871284621393,0.07580867571472392,0.10572972670633203,0.04647114866491132,0.033143273556376245,0.07975224496653828,0.09794143411406647,0.030034127851502224,0.001226916961066547,0.0003867680034986663,0.00039078680134300514,0.00040914665176885464,0.0004138535999290049,0.00045137155514704514,0.0004946424470052691,0.0006095084977205159,0.0009149921859155339,0.0011641851782771757,0.0010310418551739765,0.0008861173986640855,0.0008346162290287567,0.0008067874302573418,0.0007619475556790679,0.0006937931484011019,0.0006675058063371048,0.0006245101746052054,0.000546886818981674,0.00016449545149156857,0.5252491159195263,0.11302557893260287,0.11807007858566505,0.13658346910997832,0.08984562090867111,0.016657504174595075,0.0005633198485232514,3.027861389570372e-06,3.027861389570372e-07,3.3031215158949514e-07,1.6515607579474757e-07,5.505202526491585e-08,3.3031215158949514e-07,5.505202526491585e-08,1.3763006316228962e-07,0.0,1.101040505298317e-07,8.257803789737378e-08,8.257803789737378e-08,8.257803789737378e-08,1.3763006316228962e-07,0.0,0.0,5.505202526491585e-08,1.3763006316228962e-07,0.0,8.257803789737378e-08,2.7526012632457924e-08,0.0,2.7526012632457924e-08,0.0,8.257803789737378e-08,1.0,21,-28,20,2753
CAR_1010,0.0013406269192512306,0.0032446562650636107,0.004553600743774882,0.0046516484007716975,0.0047800297236894815,0.005245769857430669,0.006886457840388324,0.01170461109157376,0.02142233953931144,0.036414217163503855,0.05105692731745354,0.06175196684370664,0.06253161362550838,0.058938450514505226,0.05353071759874516,0.04355449236637608,0.0332935105333242,0.028414277060107337,0.029528557577481875,0.03351823290045559,0.04416504685257662,0.06158559962335607,0.07663544703015243,0.07969845913785445,0.06712565008184034,0.04416972627472414,0.02521523139797572,0.014584740371345727,0.008636947087736853,0.005394878267860693,0.003722810630502037,0.012702759361651949,0.015419081340248159,0.03631947262802294,0.07139548516138723,0.0970401498824419,0.09160802891948948,0.07839735957274344,0.05385690084843979,0.03393004957544979,0.03207306218522628,0.05980830003970353,0.10069370506516068,0.12319996392991305,0.1021182863229409,0.05467260670679005,0.02329631047932917,0.010267670654121559,0.005348386832524472,0.003026127250774527,0.001780162288966319,0.0011670754096035835,0.0008259455350495325,0.0005988834568443871,0.00043983815585404523,0.00034110234854141863,0.0002758656986024933,0.00022915405516521226,0.00019182878203559932,0.00016545886193370459,0.00014142865290556886,0.00012149981975966928,0.00010798454755713244,0.0011428249924743882,0.4234405247647132,0.1417057022227145,0.1228680827956035,0.12665034961339164,0.1001858226060792,0.05246931455163759,0.0193924062117182,0.006039977899914978,0.0022001817157249947,0.0011703234790942135,0.0008434245530711433,0.0006672030201981476,0.0005248660088757077,0.0003972003622863679,0.00029912517927692026,0.00022216244795656792,0.00016928497768961624,0.00012741791247564772,0.0001019288247779917,8.029337884887977e-05,5.733668431340986e-05,3.9527354140209585e-05,2.945283351672998e-05,2.358979282601644e-05,2.174554997964176e-05,1.990130713326708e-05,1.7836856185832735e-05,1.6625711630004582e-05,1.5056728909954486e-05,1.6267873465782635e-05,1.4120844480450915e-05,0.00017294593736973314,1.4,27,-28,31,2753
CAR_1012,0.0055832112462919714,0.008667473435746248,0.015380269662436398,0.026293452838801724,0.032549234677755175,0.028185425791081086,0.02046104860014811,0.015312748353448974,0.018819920200988337,0.03610807285100566,0.05980739168128665,0.06492411959149635,0.047109064007668525,0.029456164164258506,0.024039265086291846,0.028864464996711192,0.039126520344255726,0.0472187826940215,0.04776858727034222,0.04215914373401152,0.032487879195597424,0.02137601326005101,0.012725991316313743,0.009889931182766338,0.013495728733567795,0.02448769135808722,0.04028698951082752,0.053190413504570086,0.05744166852559005,0.04484788464795,0.02792379104100957,0.02401165649562149,0.04331207077312202,0.07194595036201111,0.07600311946795961,0.09122338041896352,0.07789096351834411,0.04829813270136545,0.04451239760598561,0.06240876503112972,0.07339772732027221,0.06323319663548446,0.042507925840077385,0.023946612527770996,0.02683604559981273,0.04988371360703292,0.06898927124110828,0.06085717875106333,0.03435450069024229,0.01767051649149479,0.010178045956990277,0.006418735833737599,0.003657656558601009,0.001638430849921793,0.0006268498856789644,0.00014897078036686228,2.7883850796679883e-05,1.5579723149971187e-05,9.386370307668152e-06,5.450150501226668e-06,1.101040505298317e-06,8.257803789737378e-08,5.505202526491585e-08,3.027861389570372e-07,0.3625677387644872,0.14732444955131502,0.10392773628934816,0.094283887659516,0.08510715546405664,0.07063422575602396,0.051736296835235236,0.031606661427181916,0.017827552393562963,0.011146906549627527,0.008118549691829773,0.006355398478670313,0.0047462002541641905,0.002945008091546673,0.0012754177953249381,0.000340827088415094,4.9877134890013754e-05,3.9912718317064e-06,2.202081010596634e-07,1.101040505298317e-07,8.257803789737378e-08,2.202081010596634e-07,2.7526012632457924e-08,1.101040505298317e-07,0.0,1.101040505298317e-07,0.0,0.0,1.3763006316228962e-07,5.505202526491585e-08,5.505202526491585e-08,9.90936454768485e-07,1.82,21,-28,20,2753
CAR_1013,0.0019191411267475988,0.003981472571209244,0.005180973623693863,0.008242554378738996,0.013565094285401593,0.02080349972330852,0.03054019359374997,0.04115609583368475,0.049665597482933324,0.055292217251146684,0.06644845511905663,0.07116239488641556,0.06472618003465637,0.058097503302571,0.05345226846274266,0.050982937395497495,0.045935740193197384,0.03354454776853222,0.025957084964433087,0.033012002002132064,0.04997933897491808,0.058647996029207526,0.05339072029849649,0.0365627475276686,0.02073977700406438,0.013394433007080351,0.009034973230402196,0.005984870822624797,0.0034732873259888056,0.0019053230684061048,0.001628686641449903,0.011591892069843844,0.035937741884836005,0.06128218038610848,0.0876416130771902,0.10667199717076632,0.1109467594065744,0.10142917259668732,0.08838261333725597,0.05967223895926128,0.03783098103369646,0.05403937078618035,0.0801425362996539,0.07733100184336203,0.047181870311081384,0.02064038057244857,0.011088523876834086,0.00529550936225752,0.003564893896029626,0.002977433734427709,0.0017836856185832735,0.0009969646515349936,0.0006413010423110048,0.0005947545549495184,0.0005124242511658369,0.0004463618208479378,0.0003755373903446235,0.00034374484575413463,0.00032172403564816824,0.0002794716062573453,0.0002505142409679996,0.0002417884949635104,0.00021434506036894987,0.0009405638516510873,0.5002361181363613,0.18332913469887316,0.11551830711058565,0.091652400851853,0.06323853668193516,0.030125596791479883,0.00956036223351792,0.002696585827538741,0.0011908578845180274,0.0008000710831750222,0.0006101415960110624,0.0004542617864734532,0.00031773276381646183,0.00016832156724748022,5.133601355953403e-05,1.1065457078248084e-05,4.128901894868689e-06,3.4132255664247828e-06,3.6609596801169037e-06,3.8261157559116516e-06,4.018797844338856e-06,2.174554997964176e-06,1.844242846374681e-06,1.4313526568878118e-06,7.707283537088219e-07,1.156092530563233e-06,9.083584168711115e-07,9.083584168711115e-07,1.2111445558281486e-06,9.90936454768485e-07,1.0184624674009432e-06,7.70728353708822e-06,1.6,21,-28,20,2753
CAR_1014,0.01444333924445279,0.027045931446135228,0.026128269236994343,0.024885222032525176,0.02564383894067572,0.03154167251135668,0.04360134163987652,0.05095475075856186,0.04823493297636132,0.04568167509659979,0.04523787319492667,0.044329542304068194,0.03891192754977309,0.029475019482911737,0.020763999895180945,0.016199361220340446,0.01567766070291747,0.022333175297319468,0.029218697253278293,0.03577916452606042,0.05951569852542049,0.08839720212395118,0.07077485615456318,0.043499412815098525,0.029084783201821382,0.020027899265363757,0.013979360775520082,0.008825417696231292,0.0061356307938127685,0.0049736201705335575,0.004628003555920416,0.01407071961144721,0.09114517901707472,0.12477172677723902,0.11253963470558948,0.08583711779305679,0.06046914455098356,0.0368772872740197,0.02202672819868232,0.021831596295130824,0.0451446976421658,0.08504516688360833,0.13528927857403802,0.07852185972788005,0.04157958353803511,0.02301573783256653,0.011581267028967716,0.008744463693079234,0.006894715644178061,0.003455505521828238,0.0019304543179395391,0.0017180360784548616,0.0007361556818424547,9.890096338842133e-05,6.297951690306375e-05,6.094259196826185e-05,5.816246469238361e-05,5.064786324372258e-05,4.643638331095652e-05,4.450956242668447e-05,4.1729435150806217e-05,3.9995296354961356e-05,3.426988572741012e-05,0.0003060892604729321,0.5593913635263597,0.17220824023118328,0.12763578086563365,0.08170678454553122,0.037286626607876974,0.014986620155779612,0.00519113072235524,0.001232614845681466,0.000206417568730802,4.038066053181578e-05,1.7313861945816034e-05,9.056058156078658e-06,5.505202526491585e-06,4.486740059090642e-06,3.3031215158949513e-06,3.385699553792325e-06,2.8627053137756237e-06,3.0829134148352875e-06,3.3031215158949513e-06,2.91775733904054e-06,3.1654914527326614e-06,3.771063730646736e-06,3.027861389570372e-06,3.8811677811765675e-06,3.550855629587072e-06,3.550855629587072e-06,3.358173541159867e-06,3.1654914527326614e-06,2.532393162186129e-06,2.972809364305456e-06,3.3031215158949513e-06,2.2543804345983042e-05,1.5,21,-28,20,2753
CAR_1017,6.716347082319733e-05,0.00015882509288928226,0.00044449005198893065,0.0012048135729226836,0.002740187031548554,0.005584642598948857,0.009781588797044985,0.014503511108067343,0.017212153329139102,0.019931723377225947,0.02553244116755216,0.03424830533350627,0.044105177775101034,0.058540396845827236,0.07917411612321876,0.10019408040986894,0.11645320060363445,0.12116177279853005,0.1025203312634506,0.06179276039442794,0.028213089433776713,0.015925119556483267,0.016469501508315387,0.03228495743047095,0.045261215253638985,0.023002800606629282,0.0058997879175778705,0.0023718889825262673,0.0016764167473545851,0.0013754748512439224,0.0011739569127616981,0.010994109653504756,0.009369056445722336,0.024242847475721502,0.034505095505354466,0.043064997283733066,0.06509769862715664,0.1195555198573756,0.1953065010496219,0.20628789368529046,0.1169507883339914,0.06950309931891836,0.06750677525274935,0.024850016262368258,0.005761469704099768,0.003364724732166392,0.002399910463386109,0.0017995130758469368,0.0013943852219224214,0.0011082798466206533,0.0008921180694179613,0.0007480469192996767,0.0006255836890978713,0.0005427579170868054,0.00046163875785895197,0.00039832892880429865,0.0003466901291058076,0.00028332524802588945,0.00024390799793620966,0.00021508826271002626,0.0001892688628607807,0.00015552197137338732,0.00013559313822748774,0.0026935579661491703,0.5104736753326629,0.2373544672186109,0.137928032249036,0.0694223104718421,0.026737667630664333,0.008421308304774177,0.0029818378964489023,0.0016040508601438534,0.0010729914984258424,0.0007702053594688052,0.0005474923912595881,0.000346414868979483,0.00023520977794435298,0.00018423160254904091,0.0001551090811839004,0.00012931720734728734,0.00010102046636112058,8.037595688677715e-05,5.863040690713537e-05,4.56656549572477e-05,4.346357394665106e-05,3.61141285737848e-05,3.239811686840298e-05,2.7856324784047417e-05,2.733333054403072e-05,2.4745885356579677e-05,2.2736486434410252e-05,2.1855654030171594e-05,2.0837191562770648e-05,2.0727087512240815e-05,1.9350786880617918e-05,0.0010525671970525586,1.75,21,-28,20,2753
CAR_1019,0.00025109228723328123,0.0007790687355364568,0.002297458644368101,0.005492678190743817,0.009193633167215682,0.011114921322948612,0.011610637284446548,0.011925066926747116,0.012528024233461105,0.013680868694533707,0.015229674847324218,0.01707978073438961,0.019781266192176933,0.02362362229554173,0.028945997046128533,0.0381915167471564,0.05437904178206489,0.0760725675978313,0.09179171000178588,0.09273081497476746,0.08162918871592031,0.06925731955212315,0.0667138058808335,0.06663656788938682,0.05970926144625194,0.044220181455879436,0.02729231678520836,0.015899135000558232,0.009624607947002076,0.00599095407141657,0.0037731557076068015,0.01255406384141141,0.010429248348274084,0.01692392845086464,0.02082813550461457,0.03728709455009173,0.06748235967954436,0.11601619762708155,0.15280765879371325,0.1444730574287313,0.12298820631473155,0.11738498365725578,0.08946934031598541,0.049083229633668415,0.02454981756859868,0.013137284997067927,0.0071902349158001295,0.003744638758519576,0.0019516218216538996,0.0010903604123969233,0.0006248129607441625,0.0004153124785985252,0.0003032265551591565,0.0002453944026183624,0.00020883985784245828,0.00018615842343331292,0.00016124738200093853,0.0001326753808884472,0.00012004094109014903,0.00011057199274458347,9.647867427676504e-05,8.359650036477472e-05,7.027391025066508e-05,0.0004039717613939525,0.6043823834399985,0.17845895728381234,0.1074886664395587,0.06423128985353739,0.029116025226159224,0.00997553708205328,0.003061745911120928,0.001136741743682615,0.0005676139064939149,0.0003464974470173804,0.0002320993385168852,0.0001741020299002964,0.00013507014398747105,0.00010459884800334012,8.805571441123291e-05,7.836655796460772e-05,6.589727424210427e-05,6.223631456198737e-05,6.165826829670576e-05,5.287747026695168e-05,4.4371932363522176e-05,3.5866394460092674e-05,2.683786231664648e-05,2.0644509474343444e-05,1.604766536472297e-05,1.05975148634963e-05,9.386370307668152e-06,6.4961389812600715e-06,2.945283351672998e-06,1.7341387958448494e-06,6.330982905465323e-07,4.018797844338856e-06,1.55,21,-28,20,2753
CAR_1020,0.0003390378975939842,0.0006932976801737177,0.0014821106241820643,0.003028687169949345,0.00527142410120412,0.007977093512911572,0.009774872449962665,0.011132648075083915,0.01306618530643829,0.015008448283797157,0.017969504040708552,0.022447876191958926,0.027011276196230963,0.032114075944048644,0.039620309484869394,0.047834209284458,0.05490101755961418,0.05792510788545392,0.05612961360745131,0.05434031268229102,0.05454986821646192,0.059305950309161165,0.07273192812671833,0.07991206099588233,0.06215684696351746,0.04408871721954682,0.03536236564277974,0.029175784199584286,0.024567709476809776,0.021781994420367136,0.017662066005616633,0.020637600445172696,0.005508946064209599,0.016685966071657038,0.027856159627971624,0.04280600503087428,0.06297131415129928,0.08063987629589715,0.08315247825500054,0.061102986043871176,0.04698687603759304,0.05271071768242425,0.07011841580530433,0.09809549720677034,0.12509532258174622,0.09457946198316332,0.05428181990544705,0.039299603911688616,0.02517542878370918,0.007913150585566372,0.0012638843960319382,0.0004998723894054358,0.000488696828276658,0.0003687659912370388,0.00023298017092112392,0.00020071968411588317,0.0001914158918461124,0.00019444375323568282,0.0001995911175979524,0.00016653237642637046,0.00012584892975559764,0.00012411479095975278,0.0001455025027751726,0.0008176051532218977,0.3499869196387971,0.09323710092511624,0.08530958176095574,0.1084264226379213,0.12713106389800488,0.11271472767194456,0.07195445589991452,0.0341990612969068,0.012689464297550471,0.003481132239589057,0.0007064000621867678,0.00012780327665250216,2.733333054403072e-05,5.31252043806438e-06,7.707283537088219e-07,3.027861389570372e-07,1.3763006316228962e-07,5.505202526491585e-08,1.3763006316228962e-07,1.9268208842720547e-07,0.0,2.4773411369212126e-07,1.3763006316228962e-07,2.7526012632457924e-08,2.7526012632457924e-08,2.7526012632457924e-08,2.202081010596634e-07,0.0,0.0,0.0,1.3763006316228962e-07,7.982543663412798e-07,1.4,21,-28,20,2602
CAR_1021,0.0004198267446702483,0.0006017186361455302,0.0010916266089780165,0.0020616983461710986,0.0034106656472499644,0.004981877974323296,0.006651275588456604,0.008065754799600719,0.009298369645282184,0.010115011388061946,0.010788985807367679,0.011479613464316049,0.013334398773528959,0.01767081927763375,0.02507171076811008,0.03472808373369001,0.044361610108785005,0.053393940841974484,0.06744508945844002,0.08896200837715658,0.10014381791080207,0.08941593985147844,0.08052567086948507,0.07781265201240478,0.06563076738779683,0.04581580935615776,0.0304646622150865,0.022226704680457125,0.017888274777430168,0.017470540009719985,0.016908321201702034,0.021762753737537048,0.0042804325944103706,0.008244095835446413,0.012170626485441273,0.02092120095332491,0.03860292053196111,0.06378602907319475,0.08109386282224428,0.10758522769187336,0.12847083751086452,0.08048950168888604,0.05302839539421544,0.07648942153313723,0.10381554026185827,0.093450262366942,0.05496262077588563,0.033145282955298415,0.02336523561496085,0.010315345708000977,0.002315240448528669,0.00047094255012872265,0.00023578782420963457,0.00021228060942151552,0.00022004294498386865,0.00020892243588035568,0.00016388987921365448,0.00015268679207224408,0.00015970592529352087,0.00016956023781594082,0.00016595433016108882,0.00015623764770183118,0.00014577776290149717,0.001006130813741602,0.3757375870344993,0.11002048155547957,0.08407564566666792,0.08246771363874289,0.09116769529540808,0.09452785070947747,0.07747523814955609,0.04756885852268111,0.023280813334217103,0.00916885975584647,0.0029501279298963104,0.0008865578148662047,0.00036210469617998397,0.00017311109344552792,8.888149479020664e-05,3.7628059268569984e-05,7.872439612882969e-06,7.707283537088219e-07,1.3763006316228962e-07,1.3763006316228962e-07,1.3763006316228962e-07,2.7526012632457924e-08,1.3763006316228962e-07,5.505202526491585e-08,1.3763006316228962e-07,1.3763006316228962e-07,5.505202526491585e-08,8.257803789737378e-08,1.3763006316228962e-07,0.0,0.0,1.0184624674009432e-06,1.4,21,-28,20,2658
CAR_1024,0.019082243101375664,0.0313733509441092,0.03804306896102955,0.05557477177081886,0.07984511773316019,0.0908639457460089,0.08243815070117562,0.0907129105146946,0.10245848031306544,0.09507666434934342,0.07853743945103,0.07553570024744784,0.048884712030563125,0.034703833316560816,0.028990671764631014,0.01741314827338131,0.004536479563917493,0.0011303281827392524,0.0007102812299679442,0.00047763137119840985,0.0004434715895215297,0.00042874517276316463,0.0004149821664469357,0.00040003554158751103,0.0003823087894522081,0.00036626112408748513,0.00036678411832750187,0.0003782899916078693,0.00037773947135522014,0.00042871764675053215,0.0005211224711576933,0.01910261235072368,0.044199674576468256,0.08287248365450317,0.11074821427745647,0.0710992502134367,0.09122924345965423,0.09887599729496367,0.10073496655809673,0.061163350589574166,0.057768539925600486,0.056947328864723736,0.056155405481287925,0.04678546820316135,0.05000067163470824,0.03149768594317001,0.020364432295808185,0.006480917096274321,0.0015689551940374696,0.0008553433165409977,0.0007550110004956883,0.0009420227303206076,0.0009252318626148082,0.001305476201119582,0.0013073479699785894,0.0017771069015641164,0.0015984906055920966,0.0007823168050270867,0.00027495734018562223,0.00048090696670167234,0.000281673687267942,0.0001623759485188693,5.6400799883906285e-05,2.7526012632457926e-06,0.312389496822287,0.15059880638400902,0.12100358080393135,0.0897871006058145,0.07137481312590024,0.07701252587720447,0.07412094577617741,0.06451648687042229,0.03261937095794268,0.006425176920693594,0.00014952130061951144,4.954682273842425e-07,1.6515607579474757e-07,3.5783816422195296e-07,1.6515607579474757e-07,5.505202526491585e-08,1.3763006316228962e-07,0.0,1.3763006316228962e-07,1.101040505298317e-07,1.3763006316228962e-07,0.0,2.7526012632457924e-08,0.0,0.0,1.101040505298317e-07,0.0,1.9268208842720547e-07,0.0,0.0,0.0,8.257803789737378e-08,1.0,42,-28,20,3987
CAR_1030,0.000574357779588867,0.0007711137178856763,0.001495185480182482,0.0029564313867891435,0.004949397279416993,0.006885219169819864,0.008271484218015709,0.009078712064475173,0.0102265743172613,0.012156092750771334,0.014684054224923637,0.01827121666517292,0.02339534907278076,0.02911729142274032,0.034139550057595426,0.039579433356110194,0.04655606641388245,0.05579316315504478,0.06673935002055642,0.07143936162552335,0.06552096612340594,0.057721663126087425,0.056132531364790364,0.05754530396315126,0.05659364712840929,0.05230258949312279,0.04579409133219075,0.04081358965849907,0.03711775452037685,0.030740004919448977,0.02100080618185798,0.021637648010122527,0.001267545355712055,0.0046176262491579795,0.00886312833353776,0.01424385823090537,0.023148936207695,0.03752569002758988,0.05385984613179146,0.0683488510312015,0.08079093905322407,0.07450870471613084,0.04825103569375131,0.03261078284200135,0.04077461282461151,0.053045241313946515,0.05322432555213328,0.05866877816874502,0.071307952441216,0.06929541555360648,0.05879000272837837,0.051259408666377904,0.042754228601112616,0.029761620326440894,0.015005227740319156,0.00465492399627496,0.0009539690198030943,0.00022563072554825762,0.00014230948530980747,0.00011805906818061204,0.0001045437959780752,9.702919452941419e-05,8.637662764065297e-05,0.0016934002971488115,0.17019052845319885,0.08848305575735181,0.06708672829997804,0.04736001866483865,0.03147855536439045,0.02469108106542845,0.028580396546344224,0.03902527966979355,0.048862553590394,0.05545151028625071,0.06415930933050351,0.0740246047319638,0.07217915074103329,0.06282886703592629,0.05312845245013443,0.03941149715303957,0.02203424280013098,0.008381368060444481,0.002133073296927062,0.00037484924002881205,4.021550445602103e-05,5.367572463329296e-06,4.3215839832958935e-06,4.046323856971315e-06,4.101375882236231e-06,4.073849869603774e-06,4.3215839832958935e-06,3.8811677811765675e-06,3.963745819073941e-06,4.018797844338856e-06,3.5233296169546143e-06,5.304262634274642e-05,1.0,42,-28,20,3987
CAR_9626,0.05232452772519086,0.050391871326240734,0.06386037683331502,0.08170491277667223,0.08873431320066089,0.0838306366282264,0.06362348796860008,0.0442517813183815,0.04006543263514887,0.04844063486876368,0.051399158232512884,0.036549672671668185,0.021610975303881674,0.015027688966627244,0.013132137632705659,0.011899660417087357,0.011260671559837478,0.011691894073737564,0.012896349808496023,0.015293122306442034,0.016875372564580982,0.01746093343131126,0.01688921814893511,0.015465930613748603,0.01579365532015065,0.01855633110401992,0.022304300510068025,0.02030927016649274,0.013114328302532459,0.007724817607135095,0.0044375510745164395,0.013078984902312385,0.08252711477400372,0.12636529022656992,0.13961873499694682,0.12515899024896507,0.0707635154373586,0.058111128678824064,0.07086640767257874,0.052558388728516224,0.02945729273077644,0.021274827637614097,0.017181984819293932,0.0166125817219789,0.019437851658574385,0.02121823415564177,0.019010372682392317,0.015975161847449078,0.015449112220030172,0.02099469540705357,0.027238668586587696,0.018767483146923503,0.01066390760596579,0.005150502327709732,0.003335987574978106,0.0030783440967382994,0.003799167789544475,0.00373885829586676,0.001421498344365392,0.00021186771923202864,4.8445782233125954e-06,9.083584168711115e-07,2.7526012632457924e-07,6.000670753875828e-06,0.3256807072819956,0.19835657593138667,0.1174718557531238,0.0788786794296346,0.0508905876231156,0.030420042548609288,0.019753189659291823,0.017460327859033342,0.02132214485332929,0.02542217196094653,0.027910248242794405,0.03066951080109725,0.024108107643885626,0.012621942988563051,0.006308301471056177,0.004790930024691935,0.004343962631566082,0.0026138426335655727,0.0008268263674537713,0.00013520777405063333,8.75327201712162e-06,7.982543663412798e-07,4.954682273842425e-07,3.027861389570372e-07,3.8536417685441093e-07,3.027861389570372e-07,2.4773411369212126e-07,3.8536417685441093e-07,3.8536417685441093e-07,3.3031215158949514e-07,2.202081010596634e-07,2.229607023229092e-06,1.75,45,-43,16,3202
CAR_9629,0.2274461211333935,0.150099126676692,0.0804759038386456,0.042813409528272416,0.03996922922099843,0.05530628304360186,0.07506607894592549,0.09239152934305978,0.07648694419200032,0.035156250860187886,0.01319709902251826,0.007165076140254062,0.005782499577750966,0.005810521058610808,0.005642639907565448,0.0057031420833315895,0.006242954717066722,0.006159661002840905,0.005268341187789284,0.004456516497220203,0.0041744023937501425,0.004786856174822331,0.005597800032987175,0.005205471774936751,0.004234684361415225,0.0035609026241979194,0.0037642648055265186,0.0037222050582241227,0.003353246384898657,0.0035157049114554234,0.003841337640897401,0.013603795859162826,0.2863098109975889,0.1754762110289466,0.10536789727027836,0.10501672040111346,0.11438173052297886,0.07971450680321918,0.027893484901101242,0.015345118944304747,0.010863195937424784,0.008369641979063053,0.0063855945145281185,0.005231731590988116,0.004778323110906269,0.004514321123748365,0.005141941737781038,0.006419589140129205,0.006262470660023135,0.004082052621368245,0.001879118304380005,0.0016164650918410915,0.0024222065336184,0.003266346763017987,0.0042968380979393145,0.004892748745419396,0.0034389348622234986,0.001982533533840149,0.0014580528891412962,0.0012835654950641455,0.0012614621069202815,0.0005466115588553495,7.96878065709657e-05,2.108492567646277e-05,0.4651205507228441,0.2841801784522409,0.12043337945224995,0.04077186022334827,0.01859993230802973,0.011759553012788145,0.008492655729517509,0.007166645122974113,0.006722870747313626,0.006053135333953292,0.004943947128915768,0.004934918596772322,0.006251955723197536,0.006106398168397097,0.00371791100025346,0.001720540945604415,0.0012061348215290414,0.0011524040448704835,0.000531554829945395,0.00010399327572542604,1.2827121886725393e-05,2.642497212715961e-06,1.45887866952027e-06,1.2386705684606066e-06,9.634104421360277e-07,8.533063916061957e-07,1.1836185431956907e-06,7.982543663412798e-07,1.0459884800334012e-06,7.156763284439059e-07,5.780462652816165e-07,5.1748903749020895e-06,1.75,45,-43,16,3202
CAR_9694,0.003058497841630297,0.012816194059710307,0.020555903239679558,0.02650460488170531,0.02645822355041962,0.022266204508584703,0.022881300786869608,0.02731395223113747,0.03105517776409062,0.03976994088953943,0.047241794440582234,0.04944260925459778,0.04430655808352009,0.043075347064482884,0.04002084049468429,0.035000811466852404,0.03116792431183317,0.029205292085126282,0.029406727445570605,0.03351253501584067,0.0339486296339767,0.03755621637559927,0.035671592868692766,0.0303829099575681,0.04267908258662601,0.0684066831837423,0.0621747663977412,0.026278313531853868,0.014225691062567948,0.009988391729952641,0.0070476776963766296,0.016579605558845217,0.001885531865323368,0.021674642971100548,0.03376247121054339,0.037801528200179735,0.0372135450443378,0.040783118362514935,0.037724262682720416,0.037821814871489855,0.05336971795085792,0.058007851079427075,0.0510362828079792,0.04989687104107123,0.043733026084310185,0.04090778367372735,0.03910485737231399,0.035775888930557165,0.03761333285181162,0.03561466907456885,0.04299472337348241,0.03762489377711725,0.04810814816217622,0.058773432068773626,0.04731482095209615,0.02252192116594024,0.01053792104614703,0.007839876339938769,0.006736551175591958,0.005674184718042243,0.0056701659201979044,0.0063927788038251904,0.0035497270630691405,0.0025336593587672227,0.014223874345734206,0.054661321041610735,0.0627951201444389,0.05787740530556186,0.05519452743231409,0.056991645745062006,0.06805437774805947,0.06265487511007653,0.05945274653453006,0.05554399768869577,0.04610199730949742,0.037737392590746106,0.038303465040532614,0.039080909741323736,0.039293961079098966,0.05115720458147358,0.05525304773517069,0.05184191414570598,0.02715042019008804,0.015756632833159992,0.013432363852487878,0.00889626965274724,0.0051952871502627404,0.005024405663840443,0.005796042375966135,0.005462124316721788,0.0032023487836475226,0.002108602671696807,0.0008402315356057781,0.00036868341319914137,0.0002577260562777036,0.00028907818466607314,0.2,29,-43,16,4424
CAR_9716,0.02695297610147541,0.04675717146217519,0.0514177382910398,0.05073484544364115,0.04223660193355925,0.040666270438890165,0.03868692992251538,0.029878743510192006,0.018497783275150684,0.01418654907260459,0.013929043224427949,0.014408959254674853,0.0129275367808086,0.00922619644015988,0.007310551117016603,0.008177152572724276,0.01065207142053383,0.01167986520621718,0.012098205546205273,0.014454735013682631,0.015617653995378712,0.01614788757671775,0.01978344074717489,0.028442491223055606,0.04656564546627854,0.08292519596869434,0.11134734546841456,0.1036759007997738,0.05436538887979919,0.01964052568958717,0.010793224813313077,0.01581537334411766,0.027001284253645383,0.07028803109514553,0.06966729198427098,0.0709618678843881,0.05150444523083205,0.02949580162244925,0.0253855073121201,0.026543031195340218,0.018432381469135964,0.01540652947848776,0.017797438935743055,0.012310320999550995,0.011083789402661305,0.014251317780328766,0.015463370694573788,0.016090633470442237,0.019280072554165136,0.031895244143620605,0.0668271029488287,0.14845596135259742,0.15447358813025486,0.04689235171021319,0.020736226148434792,0.008956689250475484,0.004286763577315835,0.002098087734871208,0.0014555204959791099,0.00044303117331941034,0.0003648848234558623,0.00034484588625943285,0.0004226068719461265,0.0013839803891473519,0.07497816086157741,0.10525341658373996,0.0958961137454117,0.06290577471522138,0.029559937231882875,0.02259354385080989,0.022932416592328083,0.02110438656739392,0.02513050633109301,0.03297649344583618,0.049644347401181066,0.09360506866198696,0.1454194843210731,0.12582283509562206,0.05878928705204992,0.0183536295469945,0.008276796738453773,0.00380761827542264,0.0012577736212275323,0.0008464248884480813,0.0005558052470745903,0.00011095735692143791,2.045182738591624e-05,1.2579387773033272e-05,1.1065457078248084e-05,8.533063916061957e-06,7.872439612882969e-06,6.743873094952193e-06,5.1198383496371735e-06,4.817052210680137e-06,3.963745819073941e-06,9.80751830094476e-05,0.2,29,-43,27,3551
CAR_9717,0.02687653636439508,0.04757067523951485,0.054015698415316435,0.056691199317178725,0.0496474303145959,0.04515155161931128,0.04185423809208178,0.032419201794079436,0.01982550049447729,0.015018935694610118,0.013703219816791264,0.013615164102380029,0.012607106467754156,0.009726426667729538,0.006997470249335027,0.0071847572392862704,0.009313701634318465,0.01150449697973579,0.012120171304285977,0.013696475943696312,0.01680534638844401,0.022897596186348027,0.03390549637218164,0.04394921538752552,0.05262761665028685,0.07240984625290592,0.0913608178000374,0.08324917713737838,0.04036345677392049,0.019098923865030933,0.008917739942600556,0.014874809492466569,0.024903802091052085,0.06954678310096607,0.06673868939625324,0.08239658642210061,0.06324676695971226,0.03246712458207255,0.027979311008489244,0.027926406012209658,0.020245189609084373,0.016038196416377406,0.01663168477474583,0.01259226994694526,0.01070032452067853,0.014257786393297394,0.01680240110509234,0.017378025081262294,0.021304830991383483,0.037093779363373984,0.07477193597493502,0.095429437727241,0.0955825098834901,0.08660677263227295,0.02990533363839496,0.014640453020913826,0.013158975495022306,0.0061557523090470965,0.0019398682142598399,0.0005818173290122633,0.00039235578406305525,0.00036482977143059735,0.0004200194267586755,0.0017999810180616886,0.07288389924246211,0.1077093975348584,0.10343152485962284,0.07703237213231247,0.03474192931804414,0.021604231430786724,0.02302127056110565,0.02240309136940592,0.025365193114797343,0.031529698695861565,0.042580511935389184,0.06648269747877139,0.08785620587167285,0.09331984411908943,0.09515125984357738,0.04311914095058112,0.010220050652267406,0.008226066297172154,0.008819086713325828,0.006877181574131186,0.008633341180081999,0.007580443670877853,0.001183205653006204,4.208727331502817e-05,1.6075191377355425e-05,1.5056728909954486e-05,1.3515272202536839e-05,1.0184624674009434e-05,1.0432358787701554e-05,8.945954105548826e-06,6.275930880200408e-06,0.00010578246654653579,0.2,29,-43,27,3455
CAR_9718,0.02777815090817124,0.0538231539569524,0.06645071225209248,0.07793178459507805,0.06771283498331593,0.05391035636497202,0.03535372247481315,0.023778648798687737,0.01962412018605823,0.016847516239796932,0.012557366962927306,0.008722552987023797,0.008057441943785717,0.008745454629534003,0.010324429292169686,0.013115869759239876,0.015552417345439787,0.01904373420970285,0.0240386319880013,0.025749318621083296,0.035215156527221354,0.04380173101184081,0.048113075318437434,0.04508444320051335,0.04136947748361156,0.05167213369978897,0.060359012974441115,0.029836766340927506,0.015480877238608031,0.020948726965957367,0.006297676430180049,0.012702704309626684,0.04610235514766165,0.09912664916599484,0.09844488488511413,0.07820886143823637,0.056411617606870836,0.03667989823743234,0.022818101061865485,0.014127946191710091,0.014491179454408002,0.014218259039157185,0.015227307610237825,0.021997440521241383,0.028064091127397214,0.02445320126425875,0.029787880142492257,0.035108438176245316,0.05775205184403365,0.07189673385142427,0.0570337054923644,0.05894065259551581,0.047754218691748083,0.02252709605631514,0.037855231450825665,0.007122823710863241,0.0009162308564839944,0.0007155386983807438,0.0004943947128915768,0.0003493051003058911,0.0002142074303057876,0.00013295064101477181,0.00012865658304410835,0.0008980912141592046,0.11698943485572735,0.15291451477475246,0.09857084391892026,0.05295880963428059,0.031612662097935784,0.02529447878834456,0.02602441359133208,0.03333512986442448,0.050517059631693145,0.05988790526823659,0.0603317897479476,0.06706368902740467,0.0732887518362603,0.0714821370491542,0.039839416545423764,0.009147306887955257,0.0023600527970943103,0.002660912115167075,0.007670426206173358,0.007153212428809473,0.0014662005888805038,0.00012268343830286498,2.881973522618345e-05,2.9039943327243116e-05,3.567371237166547e-05,5.3895932734352616e-05,6.697078873477013e-05,9.061563358605147e-05,8.970727516918038e-05,0.00011830680229430415,0.00011453573856365744,0.008680603343771931,0.2,29,-43,27,3551
CAR_9776,0.07722164099517326,0.06341734565999561,0.06447338113463985,0.08686169103526215,0.11530952230476844,0.11441536731041567,0.08461848616179261,0.05594948338078451,0.042854010396905284,0.04024104859574395,0.039214108116452207,0.03054677231076912,0.025142480146588132,0.019480049035939945,0.012978514956203913,0.009523670058678851,0.00754804555400945,0.007652038829734876,0.0110220485563267,0.011852288149346895,0.009882031217140822,0.009830447469467596,0.009241638533246688,0.0060863041791754035,0.004049076458234561,0.003543038241999455,0.003450027845314379,0.0040078975433364035,0.004398601766641512,0.004331465821830947,0.004751072358400135,0.016106405875680636,0.12209809764423575,0.12631279812047982,0.12397341735887248,0.16071065228061826,0.14777472006595674,0.07536883755886989,0.048102808115725516,0.03805798805987634,0.02948674556429317,0.016165834536954114,0.012209906105467787,0.013626587397622502,0.020954479902597557,0.015760651631004333,0.007841995842911469,0.005558713095049083,0.0046327380300932,0.004267605472523644,0.0050896698397920005,0.0054019524531072356,0.003648462870381768,0.002956816750965998,0.005202141127408222,0.003151205452176416,0.0014221314426559387,0.00013763006316228966,1.0432358787701554e-05,6.688821069687276e-06,4.899630248577511e-06,5.1748903749020895e-06,3.8811677811765675e-06,5.4336348936471944e-05,0.3313460010979576,0.2712111324443826,0.1773801853227337,0.08316552558498833,0.044901477794545404,0.025191586553124437,0.01463838856996639,0.014193981096015357,0.011084174766838158,0.00486514015474904,0.0016879776726602173,0.001494222069740346,0.002486727507228881,0.003614413192755418,0.005442498269714846,0.004887023334791845,0.002041521778911507,0.00030529100610659083,1.6267873465782635e-05,6.991607208644313e-06,6.77139910758465e-06,5.202416387534548e-06,4.3215839832958935e-06,3.5233296169546143e-06,4.018797844338856e-06,4.073849869603774e-06,2.5048671495536712e-06,1.844242846374681e-06,1.156092530563233e-06,9.358844295035694e-07,7.156763284439059e-07,4.404162021193268e-06,0.9,29,-43,16,3300
CAR_9780,0.0782535912087641,0.11361246104793953,0.09606749070006138,0.08210979289648303,0.10332304484383832,0.08243655419244295,0.037366754830650065,0.022669157807511255,0.020074500804750504,0.016460968444399326,0.01480962789455291,0.019037678486923712,0.018557900086739968,0.018994132334939164,0.016096634141196112,0.014278761214923328,0.015227830604477844,0.01601716654272621,0.013409820048141894,0.011427148884238585,0.010869719602418677,0.01152029691098682,0.01213431967477906,0.010709077792695651,0.008967204187301084,0.008936898047392745,0.010350991894360008,0.010141408834176474,0.011058768257178398,0.01000999964986912,0.009017934628582705,0.07605236350455907,0.15566857491666775,0.20126569010246065,0.15455677174043014,0.0637741103097249,0.035372385111377955,0.02881863418567815,0.022785620366959185,0.023596261438985067,0.02398454337317852,0.022258552277072883,0.024405416106328803,0.021849708411442983,0.01861721864396292,0.021760469078488557,0.02059061354160909,0.015309472757945712,0.01356228663211308,0.012908461254054308,0.01193916024521493,0.00956429845332436,0.0105724111399755,0.01063106907289527,0.009153885604974413,0.006732119487558132,0.005794913809448204,0.005737411969059,0.005630253201880841,0.007211705205653445,0.014627020326749184,0.013676574636563044,0.006049887264462661,0.0015944993337603905,0.4314940304886925,0.13537835275091667,0.0484807677951818,0.03804405989748432,0.03611063277018048,0.03972779856419914,0.03740853931782613,0.037702159294576564,0.03760592835441349,0.0260773461136243,0.019675703933731456,0.013197952328909869,0.01222121929665973,0.01130851176979269,0.011576147190618077,0.01283381070779508,0.009899152396998212,0.010234694490987873,0.00911881746488066,0.012669893302568793,0.008710083703301294,0.0004045222816466017,2.5681769786083245e-05,1.8910370678498597e-05,1.2882173911990311e-05,1.0569988850863844e-05,9.606578408727817e-06,9.111110181343573e-06,8.725746004489164e-06,7.294393347601351e-06,6.63376904442236e-06,1.0459884800334013e-05,-0.45,29,-43,16,3950
CAR_9973,0.0032943131918525643,0.003863358451003368,0.007151230555899938,0.01439918752019033,0.02737844567873532,0.04457686352757082,0.06280513961303713,0.07277508891452601,0.06588689693534182,0.04524552542643849,0.02345560351443321,0.010881638365888532,0.0067537824594998755,0.006551989260891328,0.008086454361100327,0.010623857257585564,0.01389826914230486,0.01754293342294335,0.022006221319271137,0.02732064105220716,0.032902255789766445,0.039491432693724224,0.04402499450030268,0.04334804727163264,0.03718590892765481,0.03091063867175758,0.03150280578151965,0.04187072617364862,0.056068973801622006,0.06307993179714694,0.049954923401713085,0.03516192121879018,0.002132632880724943,0.010038764333070035,0.030476415822480563,0.07189877077635907,0.10952760077328276,0.09578455081621234,0.04902993927321197,0.015715591548324997,0.00810252955247768,0.010121672683119,0.012976505557281744,0.015166365018269566,0.01724928592018029,0.02268245287161273,0.031273211310152316,0.041337464730920016,0.05145143013050193,0.05418121232927541,0.04279827022132456,0.030808709846979594,0.03503673291333776,0.054932920208255215,0.08127498398536585,0.07334473974595472,0.02864450462976522,0.003351539772115445,0.00017421213395082618,7.313661556444071e-05,6.138300817038118e-05,4.742731976572501e-05,3.812352749595423e-05,0.00026691974449694446,0.1059324833153827,0.10165395001584396,0.09405660537320977,0.06806423206058189,0.03562532164145761,0.021700902787151914,0.02456490182352126,0.03554794601994777,0.0493499291700643,0.061298530837612164,0.06664435775096181,0.07006171221928148,0.07881685600526209,0.08400699579116258,0.0641851562563654,0.029418866417141525,0.00751567496315368,0.0010581274516043152,0.00013705201689700802,5.99241295008609e-05,4.662906539938373e-05,3.867404774860339e-05,3.15998625020617e-05,2.4112787066033145e-05,1.8084590299524852e-05,1.4423630619407953e-05,1.2882173911990311e-05,1.0322254737171722e-05,1.0542462838231386e-05,9.468948345565527e-06,8.725746004489164e-06,7.500838442344785e-05,1.2,29,-43,16,3660
CAR_9977,0.00013047329987785056,0.002047907813842237,0.008064213342893301,0.026918816319798537,0.0826925461099248,0.1574870809412311,0.14710655363531644,0.09847331925616347,0.07775316829910603,0.04279730681088242,0.007210686743186046,0.0026170356510309373,0.002822710017420663,0.003367945275644389,0.004505815585844935,0.006322532419587158,0.009738400483224658,0.014802030715066352,0.023731964681263092,0.03666462130042132,0.046557607870589865,0.04935755387556349,0.051177986721011086,0.0314121075698957,0.009351770109789152,0.007259903253772879,0.006823340693422097,0.006682269878680751,0.0069965618909181545,0.007930794759663778,0.0075528901322327625,0.013642084542734577,0.0001587700408640173,0.009656951011845214,0.04349021912687928,0.11386201187846537,0.18899277695407715,0.11500037765689332,0.04574492987362918,0.06379048828724121,0.055739102066234635,0.012883330004520872,0.0034423756138025558,0.004448396323493628,0.005570521754468408,0.007481652811539961,0.01017878915933135,0.011889530844438612,0.012916168537591395,0.015465572775584384,0.023765050948447303,0.03778118647684435,0.047256080441138486,0.05235940318319618,0.05436998572390881,0.01939262641981926,0.007879155959965288,0.008526980667270184,0.006370427681567635,0.00369338532299794,0.002858108469666004,0.0023674022424671768,0.0019657701921469827,0.010702471549663865,0.002666775155857789,0.03951579321490395,0.08736417839586766,0.16934638822379924,0.14216879985924302,0.05918475327554045,0.050221430256020536,0.07037994045132531,0.035431290778411416,0.009120992019878626,0.008914161560958337,0.008858393859364978,0.008800231394672594,0.0090243757155387,0.008712148154248728,0.009100209880341121,0.01095339868082135,0.01684096504879041,0.031145105247360864,0.05058711333384275,0.06646029130448856,0.06106923915238378,0.016840717314676717,0.00421604925086305,0.0032733934222518965,0.0027674102580420553,0.0023629980804459826,0.0019575949663951427,0.0016863811639275348,0.0014733298261523106,0.0012832627089251884,0.008272888044659964,-0.35,29,-43,16,4950
CAR_9979,0.0001822772556521364,0.0025706543197452462,0.01030890462104498,0.043381023434766325,0.09913939370984368,0.09580037827347598,0.11074331464720792,0.12377867081949785,0.10117675906084768,0.07181754151308069,0.05154215586813851,0.028059081393098102,0.011535766530086262,0.007493571575009816,0.007492525586529781,0.009234013827747498,0.01538905046046615,0.017772610472348578,0.02024488682294542,0.02247856769604412,0.01274388322452484,0.012530281366496969,0.014875277434681325,0.015649914482183953,0.015950498540130396,0.016547592806153668,0.017983734989239532,0.014087290271051947,0.00749026845349392,0.0046526943892517296,0.003966856258501409,0.013380559896713592,5.744678836393969e-05,0.009846412556794422,0.0774771099184151,0.12987838016682526,0.12402849691015005,0.14069951635694766,0.08753481214817628,0.05461070070437965,0.04767348489669708,0.04380029965918392,0.02614299565375271,0.016143896304886045,0.0077497837005927345,0.00733213151092045,0.008711790316084506,0.014206395327712597,0.023154744196360443,0.02131383199751429,0.02842506725705926,0.02013673711931249,0.01774863531534571,0.0199519549965108,0.018003746400423327,0.009129607661832585,0.007358281222921284,0.006577148036437394,0.005822274666004868,0.004951296574288634,0.00435860647028655,0.003737647151310932,0.0032258559984356416,0.01021091201607343,0.001162588669544493,0.05181747104648835,0.17807056524556836,0.20263037475675266,0.10288667496557596,0.051167251576084434,0.04500472786792975,0.03937012555605298,0.038374592257174885,0.035650232682889985,0.018253682595126046,0.01756209152773554,0.012941107105036402,0.013376458520831356,0.017525564508972268,0.027281967004458552,0.03005548803730501,0.030842346634416457,0.018000030388717947,0.008445558721903373,0.007513693090244142,0.006917479656625104,0.0062585344402166935,0.005634134369662018,0.004973702748571455,0.004416851513016832,0.003971480628623662,0.0035893645212598814,0.0031353779949127524,0.002829756676654572,0.00252187822536053,0.007818846466287572,-0.35,29,-43,16,4900
